Date,Atlanta,Boston,Charlotte,Chicago,Cleveland,Dallas,Denver,Detroit,Las Vegas,Los Angeles,Miami,Minneapolis,New York,Phoenix,Portland,San Diego,San Francisco,Seattle,Tampa,Washington
1987-01-01,.,70.2669731,63.55902388,54.20647876,54.0573926,.,50.34801697,.,66.41896597,59.42622437,68.5479048,.,74.67844016,.,41.30489123,54.79411151,46.95579249,.,77.44193798,64.41021506
1987-02-01,.,70.64067798,64.02884413,55.22727414,54.22921827,.,50.16046814,.,67.57419833,59.89486089,68.91911889,.,76.043687,.,41.44421455,55.21511853,47.3026748,.,78.10004565,65.13233062
1987-03-01,.,71.0467735,64.10524241,54.8110341,54.36575621,.,50.38347786,.,67.85013171,60.4010732,69.38805199,.,77.23707531,.,41.41524942,55.48780326,47.84021293,.,77.68749498,65.99785281
1987-04-01,.,71.41157143,64.89298972,54.80194738,54.15537017,.,50.74462754,.,68.1860642,61.3243337,69.4634609,.,78.28152688,.,41.2737856,56.04977841,47.9840577,.,77.81997848,66.6387343
1987-05-01,.,71.88271079,65.22278955,55.47746617,54.72619198,.,50.76353788,.,67.92709116,62.03091455,69.74628226,.,79.67533059,.,41.39504641,56.46209863,48.30506513,.,77.96526726,67.44472563
1987-06-01,.,72.29593184,65.56136238,56.0597667,54.88106261,.,50.43233495,.,66.79939446,62.77656363,69.47376119,.,80.83980159,.,41.43339908,56.78755553,48.60578686,.,78.68251215,68.51692345
1987-07-01,.,72.62096441,65.72275349,57.10936653,55.28789155,.,50.20394289,.,65.7629411,63.45610947,69.64166739,.,81.69506699,.,41.55709879,57.07595626,49.08456578,.,78.99299011,69.38716532
1987-08-01,.,73.16291582,65.87299708,57.6122094,55.44447616,.,50.12122158,.,65.03197679,64.13062268,69.80472055,.,82.22005796,.,41.59928226,57.38024737,49.54259201,.,78.94644247,70.25445289
1987-09-01,.,73.74881285,66.27255844,58.270368,55.84210567,.,50.05828124,.,65.2769414,64.89362702,70.56775967,.,82.38397595,.,41.54107872,57.84333098,50.24128781,.,79.04100593,71.39573364
1987-10-01,.,74.00660074,66.59251206,59.00637888,56.12817561,.,50.14607871,.,65.5117159,65.7716042,71.02023013,.,83.1564061,.,41.62933642,58.29568625,50.99269818,.,78.87155035,72.31810419
1987-11-01,.,74.4180682,67.11964735,59.71248845,56.46328129,.,49.73360057,.,66.53024198,66.71255379,71.4249393,.,83.67733133,.,41.57415566,58.90127404,51.64113056,.,79.01729776,73.15863879
1987-12-01,.,74.57960221,67.37729423,61.075388,56.60654566,.,49.85495549,.,66.49194679,67.77770123,71.4584372,.,84.50134781,.,41.80269684,59.40445713,52.22911058,.,79.35967929,73.585563
1988-01-01,.,74.6612365,67.78443277,61.97243658,56.99112841,.,49.55073719,.,66.69670303,68.77691349,71.67894585,.,84.32173034,.,41.83868298,60.01841765,52.70283616,.,79.50253935,74.40191448
1988-02-01,.,74.58935017,67.53386488,63.44648492,57.22353931,.,49.49475181,.,66.42737553,69.71097325,71.82796854,.,84.49117859,.,41.65733589,60.4902857,53.19983707,.,79.43122462,75.28798342
1988-03-01,.,74.47783864,67.95779071,64.50860575,57.90341311,.,49.06129708,.,66.7614815,70.69917921,72.34556591,.,84.47672472,.,42.24379325,61.28449017,53.86620971,.,79.24485073,76.39474559
1988-04-01,.,74.52675221,67.93106252,65.15143328,58.06794614,.,48.73980965,.,67.43481473,71.48428324,72.71877391,.,84.69031883,.,42.42537793,61.44426195,54.53404719,.,79.66342126,77.30187403
1988-05-01,.,74.81244784,67.98667603,65.57198553,58.26245492,.,48.34998174,.,67.58341088,72.47708784,73.10256209,.,84.76242708,.,42.74366087,61.84520489,56.06737674,.,79.9521307,78.37985044
1988-06-01,.,75.0035576,68.12741454,66.46400791,58.96349401,.,48.17299809,.,67.52762438,74.38597875,73.71199916,.,84.59877173,.,42.70941004,61.44335823,57.88181839,.,80.17566542,79.3407888
1988-07-01,.,75.03189723,68.56661734,66.55169721,59.21523265,.,48.22477156,.,67.65174171,76.92111978,74.10781836,.,84.50351963,.,42.84184445,64.58812345,58.17442641,.,80.51170934,80.77511249
1988-08-01,.,74.84114698,69.41551716,67.75150023,59.62702729,.,48.24806809,.,67.94698908,78.6680492,74.68231606,.,84.59356456,.,43.19850716,65.29032798,58.49688496,.,80.70637661,81.92875022
1988-09-01,.,74.71039529,69.71147879,68.02481881,59.88982773,.,48.21318016,.,68.46238533,80.60749305,75.24897881,.,84.57622095,.,43.42970032,66.07932756,58.93692451,.,80.62686949,83.1576592
1988-10-01,.,74.60036504,69.89298087,69.03495896,60.33503775,.,48.03303688,.,68.46101561,82.3809339,75.59607438,.,84.47921487,.,43.74445677,67.17576042,59.95031922,.,80.73296323,83.67424244
1988-11-01,.,74.6386462,69.63658228,68.64614261,60.72701936,.,47.74889141,.,68.13821377,84.41282045,75.95922766,.,84.49091277,.,43.95057864,68.42762615,61.10558644,.,80.61206606,84.63263943
1988-12-01,.,74.69527815,69.85048554,68.51149958,61.30753648,.,47.43557118,.,67.82777357,85.81818736,76.21900543,.,84.37502816,.,44.21229134,69.8314355,62.46581416,.,80.90010619,85.92852609
1989-01-01,.,74.5198541,69.91519865,68.32990899,61.99806954,.,47.46956846,.,68.78284759,87.47324975,76.5829832,63.49280289,84.48241827,67.56786236,44.48117197,71.17272381,63.28848984,.,80.56456944,86.86895743
1989-02-01,.,75.16731512,70.33033905,69.00879167,62.07140418,.,47.45236929,.,69.64367535,88.77303169,76.99399616,63.15240708,84.26598825,67.621025,44.79659608,72.76294282,64.05774052,.,80.98847579,87.80226663
1989-03-01,.,75.55483966,70.61822647,70.0744894,62.17271068,.,47.5294375,.,70.47959824,91.14747189,77.17558052,62.69347204,84.19466162,67.92398633,45.00470047,74.4828817,65.56170298,.,81.61161921,88.61896795
1989-04-01,.,75.39413751,70.88317911,70.65416079,61.9735591,.,47.46542218,.,69.99725168,93.01229243,77.54866546,63.08319926,83.8808706,67.96501645,45.35005246,75.8052598,66.69652584,.,81.96956191,89.32523747
1989-05-01,.,75.04304898,71.2169123,70.50541855,62.63948793,.,47.596806,.,69.78814815,94.56935661,77.56730458,63.18428985,83.49424863,68.06856716,45.6127801,77.05034954,67.70328386,.,82.35076407,89.77712681
1989-06-01,.,74.5159939,71.48356221,70.52177132,62.82971879,.,47.60539016,.,71.55414662,95.51346468,77.80834047,63.74282125,82.94658528,67.69591389,46.01938829,78.13664915,68.78436714,.,81.95711394,90.20321284
1989-07-01,.,74.18127298,71.66170039,70.32844152,63.26780372,.,47.50318191,.,71.77178948,96.25204334,78.04240886,63.5562289,82.17128637,67.34046047,46.25581405,79.030234,69.59128116,.,81.867957,90.70773139
1989-08-01,.,73.43515633,71.6117597,70.37390471,63.87923504,.,47.48224929,.,72.39003203,96.66238933,78.25992114,63.79845606,81.93614834,66.94764414,46.58660019,80.09519054,70.71573793,.,81.23505935,91.36515779
1989-09-01,.,73.0104192,71.67650651,70.17945674,64.30692703,.,47.6006602,.,72.78963911,97.19970912,78.25032073,63.89329871,81.53717608,66.82268149,46.92907298,81.10219656,71.59164011,.,81.66988826,91.92728174
1989-10-01,.,72.71688526,71.82015199,70.06139616,64.71825774,.,47.89667429,.,73.46164994,97.87971071,78.37822444,64.12099238,81.78816114,66.56019229,47.35156062,82.05997911,72.4255909,.,81.94319013,92.19025682
1989-11-01,.,72.9911343,72.28844121,69.87009731,64.57436976,.,48.10973219,.,74.26372912,98.99646192,78.32395846,64.39544264,81.5503455,66.49372032,47.75672238,82.70910417,73.0152288,.,82.29650889,92.38246587
1989-12-01,.,73.00086711,72.57942419,69.67911657,65.20104573,.,48.21336992,.,74.86157972,99.77023634,78.72279768,64.38609936,81.34384681,66.50108824,48.71401522,83.5728697,73.39491754,.,82.14841418,92.84075265
1990-01-01,.,73.09679106,72.83564368,69.35588735,65.3695753,.,48.23966441,.,75.55865322,100.4711925,79.16609822,64.22486443,81.03500328,66.57970805,49.64533748,84.07826031,73.6425064,58.88527447,82.43156863,93.36285479
1990-02-01,.,72.8733044,73.00979937,68.7005541,65.98276776,.,48.36397299,.,75.6367344,100.7615717,79.66911514,64.00564204,80.98286107,66.70474738,50.57139005,84.73741309,73.82260421,60.96188308,82.74408348,93.66452649
1990-03-01,.,72.19255065,73.15546175,68.90407717,66.29933936,.,48.49597248,.,76.59843035,100.9928379,79.53469814,64.22549797,80.80771443,66.63999939,50.76778631,85.12685696,74.59500894,62.9529798,83.12290335,93.60513787
1990-04-01,.,71.64670457,73.45782952,69.47572132,66.92234544,.,48.52075477,.,77.26539056,100.9904097,79.44380215,64.47109758,80.21306972,66.78014874,51.46153759,85.54542224,75.06539467,65.45715558,82.74828119,93.58553395
1990-05-01,.,70.69340526,73.60065022,69.9953881,67.06032963,.,48.46948274,.,77.85265409,100.3945833,79.68157565,64.59983549,79.55356747,66.5935088,52.07130607,85.73795026,75.02009431,66.55340782,82.7241883,93.11216084
1990-06-01,.,69.99001572,74.03860354,70.25085345,67.6105917,.,48.57999866,.,78.72967092,100.1110461,79.85722195,64.58125711,78.93322447,66.60127076,53.38523254,85.7488467,74.58836007,67.42345141,82.44274998,92.63377017
1990-07-01,.,69.35506354,73.91705729,70.66221032,67.92382354,.,48.65507827,.,79.645367,99.50556922,80.03331359,64.34271705,78.29566605,66.39529051,54.4329912,85.5941422,74.0484706,67.57793958,82.63430914,92.22728519
1990-08-01,.,68.90485173,73.99317231,70.57985412,68.24455175,.,48.6734231,.,80.57561184,99.04618276,79.86844152,64.07549797,77.550183,66.25770321,55.56276885,85.33520201,73.75247492,67.85311365,82.42974441,91.841703
1990-09-01,.,68.60414032,73.89180275,70.94446327,68.37968421,.,48.75710401,.,81.00371791,98.42543959,79.67445535,64.14779101,76.67560322,65.94157508,56.63459475,85.22222074,73.48238408,67.51137156,82.07951324,91.43171524
1990-10-01,.,68.08432555,73.91597799,70.71754631,68.47487282,.,48.66567783,.,81.54863816,98.00144608,79.43833552,64.4186919,76.31226899,65.80872591,57.01046534,84.92463578,72.90660101,67.2547069,81.66868766,91.25676104
1990-11-01,.,67.12313762,73.49642784,70.96349311,68.67644188,.,48.75345232,.,81.37619139,97.11387198,79.54759287,64.38581583,75.8818278,65.38222419,57.09325143,84.65396206,72.37480808,66.93175523,81.50725909,91.00598846
1990-12-01,.,66.19168996,73.51162784,70.75132771,68.78719781,.,48.73388328,.,81.70149178,96.54814971,79.35179117,64.54477749,75.61630737,65.45043543,56.82352526,84.03236247,71.86458461,66.77373145,81.77936685,90.93694273
1991-01-01,69.61946151,65.31044604,73.43193697,70.83917887,68.81160425,.,48.93966541,58.42080558,81.09395183,95.56901452,79.02378864,64.62385726,74.74340913,65.28026398,56.77869452,83.48095969,71.93549502,66.2568352,81.93512458,89.70687111
1991-02-01,69.46966205,64.75096488,73.34623725,71.09831412,68.80570883,.,48.98109824,58.1321228,82.05602362,94.70420277,78.72198018,64.54262415,74.10952487,65.48132739,57.32170453,82.56415727,71.1263905,65.60930243,82.12436672,89.26461007
1991-03-01,69.32466163,64.45087486,72.95887184,70.94470474,69.0578007,.,49.05964807,58.15397229,82.15405279,93.77260585,78.72800019,64.40564917,73.57918283,64.79103575,58.62507556,81.59750019,70.60820847,65.13151075,81.5520778,88.21111548
1991-04-01,69.71866434,64.03308056,73.18478154,71.23572654,69.49886701,.,49.30517116,58.21509351,82.23853411,93.7417277,78.74181305,64.29042127,73.05444728,64.63118701,58.76547047,81.20732288,69.90926822,65.45156863,81.54537829,87.92178152
1991-05-01,69.79697026,64.08566826,73.36563052,71.39564397,69.89386878,.,49.55107653,58.51359013,82.34876717,93.90924694,78.23809601,64.62906558,73.08762508,64.51173285,59.06548474,81.534367,70.01055909,65.75131113,81.28136009,88.65127268
1991-06-01,70.05309181,64.06278068,73.42663995,71.31899241,70.18190542,.,49.89468309,58.80550681,82.26514289,94.06281231,78.52127945,64.82979177,73.45791439,64.92669391,59.32909233,81.88658031,70.28133787,66.07017405,81.66288621,88.93663737
1991-07-01,69.91454873,64.01216529,73.36894169,71.58321691,70.55204657,.,50.32977603,59.04030805,83.34238723,94.28456757,78.63323191,65.38562218,73.91089357,65.31818754,59.57788033,82.10471912,70.65760731,66.24877512,81.71556176,88.99454498
1991-08-01,70.0881407,64.09624725,73.23468869,71.79167894,70.64702008,.,50.50957026,59.19473338,83.63962025,94.25830189,79.38542686,65.68316436,74.24296782,65.56011897,59.71924146,81.93663297,70.82774916,66.34133788,81.89459318,88.61242336
1991-09-01,70.04012176,64.13621755,73.19655942,71.96635815,70.97014398,.,50.65448541,59.29101742,84.86030847,94.09221156,79.06700812,65.99968963,74.38694895,65.7390033,59.80931494,81.66136422,70.82243417,66.40730538,81.52005503,88.4878281
1991-10-01,70.14200741,64.106587,73.41141021,72.18106631,71.07044281,.,50.8279882,59.54029145,82.98717242,93.87506098,79.09975735,65.64129944,74.56342999,65.71917072,60.2904791,81.6619199,70.71237053,66.1656699,81.39599701,88.42486618
1991-11-01,70.12024452,63.86310142,73.67682995,72.37210923,71.22048038,.,51.04358149,59.62944824,81.58382135,93.47021989,79.06990135,65.66822026,74.61713624,66.07614996,60.38100831,81.45292826,70.53437961,66.1772563,81.57524971,88.67220495
1991-12-01,70.00910712,63.80667687,73.83335428,73.01373509,71.2478296,.,51.32470642,59.75632243,82.82697453,93.13647828,78.98207275,65.8670852,74.76801751,66.04346847,61.22188031,81.33516973,70.45028932,66.08372866,81.80537711,88.47108886
1992-01-01,70.06784419,63.55935725,73.66783886,73.42500637,71.6942462,.,51.52270247,59.74894727,83.04179554,92.78692565,79.02543663,66.08508812,74.75714854,66.03734545,61.66668038,80.86343934,70.3952019,66.32133165,81.67704509,88.57380695
1992-02-01,70.17273693,63.56026539,73.65592636,73.71831704,72.06105991,.,52.28345304,59.8442699,83.49920959,92.5712374,78.65881706,66.54071603,74.81559117,66.06920542,61.9858324,80.56912067,70.33955339,66.48269506,80.75821334,88.22229819
1992-03-01,70.22618007,63.81148278,73.51094552,73.89172471,72.63588239,.,53.06680967,60.07654634,83.11756169,91.91146509,78.93336151,66.77069796,74.95549493,66.10931075,62.16727629,80.69215834,70.19474062,66.8123474,80.41579368,88.64235328
1992-04-01,70.21826744,64.40079349,73.54903106,73.22575826,72.55025966,.,53.57600565,60.53263697,83.00711629,91.44047124,79.16724871,66.94435995,75.16757144,66.08932675,62.123157,80.68412064,69.68574245,67.24133303,80.7172491,88.84092654
1992-05-01,70.38957256,64.35109031,73.55382696,73.41964539,72.63946081,.,53.79891703,60.77758746,83.21133818,90.86829045,79.65929942,66.96895044,75.1515968,66.14401979,62.37142962,80.45180772,69.72902808,67.29674143,81.0376512,88.9810159
1992-06-01,70.49992476,64.14733144,73.54395894,74.1314823,72.77082985,.,53.94776582,60.8369534,83.13142394,90.16635477,79.78796919,67.2033143,75.05673383,66.13144628,62.47418801,79.91457332,69.48889699,67.31762773,81.1308564,88.86900164
1992-07-01,71.07920522,63.94028887,73.87394644,74.900439,72.85688991,.,54.13749469,60.89572702,82.7665108,89.48815889,78.05915022,67.25760453,74.96397426,66.0962285,62.58637339,79.5709553,69.27229693,67.31975518,80.62611738,88.50041255
1992-08-01,71.13522615,63.96668379,74.05320635,74.97800634,73.17247385,.,54.39327064,61.05467746,82.39931283,88.9281637,77.81968672,67.3931324,75.10610663,66.16850945,63.06028357,79.26770749,68.96255768,67.11213441,80.38513946,88.48219723
1992-09-01,71.28958668,63.90467393,74.41661605,75.23498355,73.45824576,.,54.71596383,61.25450223,82.4727059,88.31917896,77.45863858,67.40849194,75.08589932,66.24074249,63.49101159,79.03647237,68.8054814,66.89734278,80.33975692,88.40575551
1992-10-01,71.02813244,64.03007273,74.25450597,75.54550544,73.79470634,.,54.81660362,61.2443753,82.95915079,87.35747384,79.33493472,67.70134035,75.0528953,66.43304675,63.94014725,78.15531218,68.82778854,67.42966915,81.31486267,88.59101256
1992-11-01,71.3621461,64.03328963,74.3356687,75.91074367,74.07989506,.,55.24260324,61.27161835,83.30722634,86.64298371,79.50046883,67.9334307,75.19315222,66.4955008,64.66505661,77.9242943,68.74531672,67.5912056,81.70360703,88.67120716
1992-12-01,71.43178789,64.46824945,74.47207553,75.84862024,74.38251282,.,55.59969577,61.42294512,82.89290551,85.81559288,79.84625911,68.05407047,75.40121116,66.68028977,64.92516695,77.48353664,68.58394083,67.85024518,81.57742156,88.81235326
1993-01-01,71.5342303,64.86149485,74.66575763,76.01197427,74.79170662,.,56.12703475,61.56420547,82.5646482,85.24629519,79.85125091,68.15612781,75.74098727,66.87284772,65.21989656,77.6528325,68.45096379,68.20841683,81.51282308,89.06511779
1993-02-01,71.53293735,64.94981424,74.8154679,76.00864013,74.80041105,.,56.43268358,61.68051561,83.00877139,84.66070467,80.04271987,68.02042817,75.88738072,67.02227459,65.42203031,76.99126352,68.29010068,68.64578968,81.54115142,89.27957413
1993-03-01,71.74753203,64.82354163,74.78575897,76.21545366,74.94586452,.,56.95378694,61.69694021,83.20102763,83.61611477,80.01972615,68.52865015,75.98770286,67.36735714,65.86190269,76.62060856,68.06550564,68.78706359,82.09659189,89.43854112
1993-04-01,72.22512907,64.70848633,74.72858549,76.32460127,75.00395045,.,57.14727715,61.93213062,82.79883295,82.79206094,80.33049247,68.88789142,76.0685887,67.52682764,66.5604845,75.91094169,67.99124083,68.28865541,82.49398074,88.941327
1993-05-01,72.62599608,64.83481836,74.73235905,76.69250704,75.38238681,.,57.56507596,62.2462007,81.96120984,82.04289904,80.9579805,69.30010255,76.1431274,67.85177211,67.08661909,75.54637185,67.76187035,67.86460942,82.58892262,88.48188277
1993-06-01,72.83197435,65.14505551,75.06899422,77.29323673,75.65234568,.,58.1798766,62.67478625,81.91955989,81.42818087,81.34878134,69.29883329,76.33019992,67.98978858,67.76477241,75.05129712,67.4732631,67.57712122,82.28551906,88.64959241
1993-07-01,73.12303929,65.51829115,75.2879233,77.54880839,75.98569812,.,58.80981747,62.96012619,81.99296948,80.56679607,81.7976199,69.56703421,76.31694981,68.29577471,68.17408875,74.4866562,66.93130638,67.54680168,82.26635592,88.81775439
1993-08-01,73.26739216,65.73234773,75.35796638,77.62767399,76.11283954,.,59.53391323,63.22961851,82.39791471,79.48271274,82.02720255,69.85903034,76.27555176,68.44655856,68.22964462,74.1823968,66.9510669,68.00981135,82.61254462,88.92433664
1993-09-01,73.58499685,65.84808936,75.42441513,77.81233923,76.57734721,.,60.14120307,63.39789709,82.87677659,79.04525862,82.35451728,70.48691924,76.33349723,68.98992024,68.68150206,74.27059825,66.83162536,68.7235995,83.35822902,88.79469401
1993-10-01,73.77433782,65.88442887,75.72133407,78.11228431,76.99352299,.,60.84226607,63.77055963,83.14229149,78.38241194,82.6141469,70.81007766,76.50185047,69.29003091,69.223914,74.25958503,66.77202383,69.15128163,83.67259187,88.6224727
1993-11-01,73.99421013,66.22363686,76.31774663,78.42613359,77.646398,.,61.42960678,64.17645153,83.74022872,78.23052404,82.47747676,71.22027095,76.73839144,69.79616698,70.11753335,74.30543034,66.72437038,69.65869503,83.43742549,88.50734274
1993-12-01,74.3672485,66.51702564,76.85871489,79.10654172,78.26444786,.,62.24334666,64.38675057,83.79649923,77.57221362,82.71422424,71.21495249,76.80394511,70.12653771,70.66135088,74.10609494,66.63097847,69.90274798,82.8794394,88.83572444
1994-01-01,74.76445483,66.81800036,77.13804698,80.19447946,78.78380363,.,62.81917654,64.52666251,83.97279008,77.39505181,83.36083072,71.92314513,76.84823091,70.59859798,71.11814105,74.27020935,66.63480933,70.56680032,82.94435652,88.9884667
1994-02-01,75.35572936,67.06787746,77.29214862,80.17072561,79.03138362,.,63.47928951,64.66029522,83.75534638,77.44437859,84.3493376,72.37133597,76.91018125,71.02775844,71.58886565,74.10717997,66.64856075,70.4088484,83.49273112,89.02117308
1994-03-01,75.46923582,67.46892018,77.44668103,80.07941885,79.13629063,.,63.94002814,65.0839931,84.07716828,77.26265128,85.17385941,73.22801402,77.23951772,71.42934772,72.23067244,74.01457996,67.3218608,70.38323784,83.96036328,89.30535165
1994-04-01,75.51619659,68.02622308,77.67663526,80.20488904,79.15887898,.,64.5488288,65.25624467,84.4004878,77.08542367,85.07472853,73.13760483,77.59430173,71.91544712,72.73352265,74.02044372,67.41857715,70.65566648,83.910001,89.48114613
1994-05-01,75.77602924,67.93091046,77.87301646,80.56874539,79.51936304,.,65.04630366,65.61998711,85.44074657,76.66513195,85.06085353,73.13576059,77.96721675,72.2162432,73.42202407,74.24731681,67.53725164,71.22202839,83.98251239,89.78923765
1994-06-01,76.05252566,68.12717498,78.1967557,80.6155097,79.71993557,.,65.60516508,65.95858251,85.9274888,76.43503397,85.28866832,72.91322388,78.05827527,72.48424118,73.86456235,74.44134206,67.61272761,71.40606555,83.95869373,90.09104674
1994-07-01,76.39684953,68.16303369,78.61648568,80.65972953,79.90548576,.,65.9623194,66.37529005,86.29418121,76.40982861,85.64654547,72.6679217,78.24129254,72.86668161,74.55253829,74.55331998,67.64045048,71.4846498,84.70811254,90.18055149
1994-08-01,76.58467006,68.28706101,79.13903126,80.91009588,80.14972843,.,66.2982269,66.72946192,86.06953098,76.40972254,85.99804996,72.76452982,78.34212841,73.2686053,75.07775219,74.18914242,67.68213571,71.36837378,85.01987783,90.07934676
1994-09-01,76.68803396,68.44192535,79.5985589,81.17584662,80.31392078,.,66.51538998,67.03578897,86.17494037,76.43433569,86.16427127,72.83163222,78.41461085,73.76700825,75.62589586,73.70526548,67.54309043,71.47148078,85.09425463,90.0546758
1994-10-01,77.12552242,68.6559182,79.79376049,81.61725909,80.66706795,.,66.85554047,67.31937272,86.27889209,76.54724475,86.25739619,73.0273562,78.44565183,74.14396826,75.82054453,73.7342613,67.7934254,71.69627343,84.81010988,90.03542298
1994-11-01,77.56604879,68.79113636,79.88904799,81.71564814,81.11709431,.,67.18366378,67.49747259,86.54256586,76.46888715,86.51680083,73.18350232,78.38035213,74.4535136,76.0836758,73.45719962,68.05065824,72.00295315,84.829857,90.13594982
1994-12-01,78.04133866,68.78034961,80.23207251,81.86094583,81.35042895,.,67.57483107,67.93832377,87.22370561,76.39423565,86.83560105,72.90440453,78.4905603,74.90161462,76.32190856,73.44273391,68.31163645,72.12002467,85.28642446,89.94778317
1995-01-01,78.23160321,68.79354969,80.68247067,81.88323369,81.59620896,.,67.95491088,68.97328869,87.31728176,76.37638923,86.9199855,73.34052595,78.56928707,75.21526459,77.15882754,73.05233738,68.41540707,72.50431705,85.98348877,89.67030283
1995-02-01,78.54116379,69.01233943,81.22469864,82.15419248,81.59987477,.,68.31042058,70.82548484,87.5920859,76.02272701,86.7122945,73.95768671,78.78314555,75.59570634,77.55290628,73.16378029,68.32134224,72.00373376,85.88347042,89.60413981
1995-03-01,78.58471643,69.12558135,81.25285473,82.28154816,81.84397037,.,68.60078888,70.73898434,87.74011591,75.77565159,86.75390813,74.78362284,78.56712582,75.67028,78.40070378,73.00053795,67.72523946,71.96274977,85.71257108,89.39826533
1995-04-01,78.60785153,68.98109005,81.59361345,82.34676126,82.21888783,.,68.73458186,70.18905456,88.26537889,75.35666549,86.70807024,75.11750362,78.44575211,75.92417327,78.15737046,72.92291817,67.40639172,71.55176113,85.71617578,89.12787656
1995-05-01,78.57521885,69.09352015,81.82412673,82.31616388,82.49108788,.,69.1555659,70.2720039,88.14618117,75.11777659,86.81621635,75.43188977,78.43491223,76.21766263,78.40401652,72.52563721,67.10597991,71.56740842,85.85269255,88.9342637
1995-06-01,78.6268265,69.38910477,82.3832574,82.51724797,83.23844752,.,69.37444036,70.56058046,88.02933659,74.55546599,86.96212107,75.58286371,78.43181627,76.78954131,79.15786432,72.10048852,66.92125416,71.43447271,86.40986817,88.66953882
1995-07-01,78.93083554,69.69654682,82.89487181,82.84651638,83.13583122,.,69.81829866,70.90704426,87.91708662,74.50003718,86.95428484,75.81561793,78.45318227,77.14320934,79.89824179,72.09063478,66.96452096,71.97590707,86.61406086,88.56682053
1995-08-01,79.3229151,70.02586284,83.43383716,83.10924362,83.6636194,.,70.16310581,71.36754634,88.32962852,74.2803678,87.26441247,76.05590242,78.43677689,77.4498852,80.91026239,72.14060564,67.01859363,72.33884808,86.84569795,88.64910242
1995-09-01,79.67628284,70.12427897,84.077988,83.42862991,83.8725761,.,70.69994118,71.93752928,88.64819122,74.19116631,87.23714047,76.23008014,78.50593278,77.60153685,81.2481059,72.18940195,67.10789585,72.60804593,86.91893803,88.79648249
1995-10-01,79.98454538,70.1424518,84.50101933,83.51243789,84.33690866,.,71.05929704,72.39241393,88.91760176,74.08742553,87.44639625,75.70057189,78.67124515,78.02260145,81.77810822,72.10562413,66.97134682,72.80477589,87.09951263,88.75763847
1995-11-01,80.16762666,70.11222412,84.90295509,83.87563908,84.44172925,.,71.35671213,72.89168386,89.00810031,74.02906751,87.39193944,75.89646193,78.74480858,78.39280767,81.97338419,71.70348348,66.90643759,72.95688078,87.27263564,88.6488113
1995-12-01,80.47303573,70.26605753,85.28147522,83.95950958,84.62430574,.,71.63557747,73.20557344,89.12769002,73.93694589,87.51504496,76.13776726,78.85489946,78.86103437,82.68142218,71.81080659,66.84972074,73.23765543,87.13339698,88.63947036
1996-01-01,80.8008988,70.68080928,85.55896505,84.25877402,84.61119209,.,71.73647718,73.58233855,89.18629334,73.91998918,87.43319378,76.5333279,78.95019519,79.26012939,83.1962086,71.89140508,66.87771628,73.17330474,87.21736217,88.65536858
1996-02-01,81.27572608,70.95717037,86.07494948,83.91742409,85.04865267,.,71.96380722,74.15043749,89.49679015,73.84378117,87.51813098,76.70318015,79.21841247,79.71497991,84.01085095,72.04106422,66.90402812,73.27825322,87.3852503,88.53677039
1996-03-01,81.3835403,71.39313961,87.2847223,84.01746122,85.61147216,.,72.33621947,74.70568815,89.44004219,73.85540325,87.16270056,76.81987853,79.50162265,80.07869708,84.47716691,71.76444479,66.80768708,73.73531924,87.85623178,88.60999896
1996-04-01,81.6644305,71.65658077,87.98599449,84.82817789,86.23749502,.,72.89679212,75.40858315,89.7730632,73.85737182,87.34445875,76.73256376,79.60855295,80.47715481,85.20803392,71.82050601,66.69168718,73.92324284,87.99650788,88.8726513
1996-05-01,81.82275682,71.81921793,88.59540825,85.0566598,86.38041294,.,73.32959776,75.96535481,89.82053399,73.99548239,87.46733396,76.91392797,79.77581823,80.76591521,85.78919647,71.96362213,66.78422557,73.90353432,87.9335165,88.87464348
1996-06-01,82.07395244,72.08398909,88.37796612,85.21057603,86.6135533,.,73.33505726,76.50940238,90.21653008,74.15439578,87.57438438,77.34428993,79.36632996,81.01945807,86.25564718,71.83395777,67.01561405,74.00505134,87.8764516,88.78384801
1996-07-01,82.08889162,72.43676851,88.1843092,85.17526031,86.99978537,.,73.52729217,77.03577147,90.21814691,74.11319864,87.82550442,77.88727693,79.43090493,81.33814119,86.6684259,71.72005977,67.21614033,73.99362431,87.76064667,88.70674845
1996-08-01,82.40659023,72.93205663,88.27565847,85.30970788,87.26683265,.,73.54370724,77.59483826,90.10665314,74.04838734,87.84267653,78.15330766,79.5629135,81.60692435,86.97568244,71.39031592,67.5447017,74.45113653,87.89544511,88.64388975
1996-09-01,82.73636372,73.01787346,88.22352365,85.53853467,87.48272668,.,73.89553923,78.02051158,89.81414896,73.99947215,87.98318559,78.47260411,79.75952967,81.85514598,87.94748916,71.70565559,67.79587905,74.2815639,87.78521775,88.67857648
1996-10-01,83.04001512,73.32434795,88.46497277,85.81222567,87.61726635,.,74.2558003,78.58469636,89.66398018,74.18013077,87.94339395,78.84691985,79.89128324,82.06723316,89.00444758,71.8337168,68.26022798,74.68057666,88.21266488,88.81802297
1996-11-01,83.32470497,73.47579851,88.92042901,86.11984628,87.72430999,.,74.74007963,78.95656912,89.48024638,74.41817272,88.11118231,79.30457811,79.91657943,82.29940594,90.18905903,72.14724921,68.93506295,74.72447026,88.29484498,88.92154547
1996-12-01,83.4244422,74.19628004,89.27445223,86.45211962,87.96011607,.,75.18737852,79.17055386,90.14215499,74.51555366,87.99853058,79.5853951,80.1976352,82.47599776,90.74569807,72.21576183,69.20716989,75.15063513,88.72468695,88.6736054
1997-01-01,83.70186638,74.60848786,89.72663754,86.51956493,87.67993896,.,75.38977374,79.34764191,90.78171937,74.5368836,88.05623137,79.97596242,80.43598932,82.80312715,91.24423047,72.5602,69.63862428,75.72619341,88.64849936,88.77522395
1997-02-01,83.87020084,74.90566823,89.88616816,86.52969407,88.47639673,.,75.75876648,79.23639689,91.63062792,74.40240725,88.06721248,79.97131872,80.59488091,83.17962968,92.21968848,72.75100593,69.83533753,76.33377099,88.6473348,88.97133459
1997-03-01,84.09230752,75.3539685,90.42428424,86.82976848,88.91698011,.,76.17491441,80.24743575,91.91016623,74.79060446,88.34070981,79.89467808,80.58976509,83.54929649,93.09838928,72.97456517,70.63641282,76.86524642,87.95456101,89.33657983
1997-04-01,84.51563114,75.72551302,90.37435097,86.92497532,88.82630102,.,76.5852274,80.97467044,91.62651332,75.27269179,88.55171308,79.67326653,80.67444214,83.95100061,93.52623526,73.24814101,71.26260376,77.86191749,88.44110029,88.92303998
1997-05-01,84.96014275,76.13255765,90.55178207,86.88887255,89.00294354,.,76.94419148,81.72797698,91.50306568,75.76476194,88.66629478,80.38554025,80.95413618,84.2666888,93.66429375,73.49472101,71.79153719,78.77987884,88.7055291,88.93232399
1997-06-01,85.13120331,76.49466285,90.65664862,86.889531,88.8170707,.,77.34586556,82.22028571,91.72252405,76.19281468,88.75044231,80.72591892,81.39361131,84.39287552,93.03426698,74.05495103,72.31046201,79.65272631,88.81822958,88.97203232
1997-07-01,85.35477905,76.75320938,91.14116148,87.22231932,89.46598376,.,77.80352579,82.51900772,92.07663923,76.54269976,88.80638717,82.06489882,81.777253,84.43674251,93.15527652,74.41543035,72.80428269,80.66718225,88.91794277,89.00796708
1997-08-01,85.55165987,77.07422987,91.41517106,87.56379074,89.39832899,.,78.30869333,82.83688462,92.48585535,77.16443952,88.88784076,82.25639509,81.94290458,84.55552776,92.88388897,75.00629664,73.57360831,81.10805058,89.22929254,89.11717569
1997-09-01,86.0866814,77.44238505,91.91463207,87.96700228,89.9735853,.,78.44266962,83.480352,92.58626548,77.55531435,89.17145214,81.76439525,82.06119044,85.02708209,93.16826022,75.38222832,74.11510266,81.69227552,89.44007834,89.2295884
1997-10-01,86.43462937,78.00217569,92.36394013,88.3252846,89.70232499,.,78.82110654,83.99881205,92.88707237,78.23305835,89.59253672,82.0984388,82.34191383,85.64220265,92.9481249,76.19872356,75.037768,82.05515082,89.51362126,89.54497118
1997-11-01,86.89557412,78.61892062,92.55918281,88.92104238,90.43204541,.,79.33308536,84.50289026,92.89832668,78.89130985,89.90823021,82.18399932,82.82154832,86.15888637,93.58898427,76.73373808,75.67543002,82.76866271,89.71976895,89.75168496
1997-12-01,87.1944576,79.28475523,92.63714901,89.37863657,90.6713424,.,80.04482293,84.7541087,93.20487637,79.90761183,90.32575944,82.58676544,83.27303364,86.55868266,93.93921416,78.0867515,76.49970291,83.67007713,90.08667718,89.9720578
1998-01-01,87.62659138,79.89948046,92.67816491,90.18741067,91.25473895,.,80.65378143,85.18361346,93.24194322,81.03503708,90.72545794,82.87110695,83.73016813,86.91754533,94.08539721,78.97666508,77.20217697,84.48245729,90.77508165,90.10814923
1998-02-01,87.9882883,80.5740247,92.94616278,90.54343111,91.61927319,.,81.00893175,85.7432284,93.58978181,82.19181169,91.05560916,83.51441174,84.41217791,87.43476586,94.1328819,79.88835758,77.67771791,85.65272328,91.0815441,90.22018713
1998-03-01,88.5633774,81.1781137,92.99787736,90.69963821,91.84625558,.,81.23524254,86.27929731,94.78434119,83.65321759,91.13743994,83.70152689,84.94315267,87.69138828,94.552148,81.00992814,78.30659235,86.30299329,91.39372398,90.34590236
1998-04-01,89.16676391,81.94568716,93.15915471,90.66910341,92.09004598,.,81.76309521,86.95035483,94.77234414,84.39878813,91.22682735,84.29870922,85.41657151,88.13393025,94.97352033,82.07738997,79.1278587,87.00228803,91.49007045,90.5500146
1998-05-01,89.74788081,82.79338054,93.60094165,90.99232599,92.41828748,.,82.41652791,87.58516343,94.54267656,85.39577777,91.44620754,84.8288364,85.9871246,88.58733153,95.33933058,83.09460202,80.21510057,87.57665403,91.59717369,90.84264532
1998-06-01,90.16364849,83.68358847,94.00940794,91.56294213,93.08325817,.,83.07923725,88.05693387,94.22762255,86.44541833,92.03294107,85.34789402,86.48242496,89.25213734,95.69555839,84.0507715,81.39190997,88.38395108,91.88297073,91.2973168
1998-07-01,90.44584037,84.49043813,94.29599734,91.80747832,93.32300274,.,83.74102069,88.47373025,94.29861833,87.85152231,92.65780017,85.85760318,87.16118203,89.89581527,96.02887472,85.14710972,82.38230053,89.15770281,92.42470283,91.54794708
1998-08-01,90.76442796,85.27779753,94.61838808,92.15267475,93.5518778,.,84.54921022,89.01199282,94.41098322,88.93477935,92.9075924,86.36868115,87.66588422,90.22935186,96.43056067,86.18052195,83.51693687,89.76750287,92.67390044,91.7847341
1998-09-01,91.08941422,86.2022932,94.89647225,92.27439858,93.74945697,.,85.25428725,89.44571738,94.78792633,90.08424997,93.06796826,86.77037211,88.22857964,90.61764982,96.77256928,87.13130099,84.43969143,90.47940518,93.23440401,91.96941199
1998-10-01,91.86431012,86.57525049,95.40369725,92.51627842,94.05294279,.,86.05164388,89.97719431,94.88091169,90.77409989,93.14075547,87.41279484,88.73920357,90.94371143,97.09117093,87.70665368,84.96501088,91.13819797,93.2740905,92.40260801
1998-11-01,92.50395192,86.88352194,95.62630885,92.10874384,94.54700198,.,86.80162253,90.62873558,95.29215674,91.2939124,93.37179654,88.29370792,89.25960028,91.55348562,97.53953158,88.21181464,85.16421032,91.8206996,93.80646277,93.01248291
1998-12-01,93.07948764,87.78784468,96.03381493,92.6579842,94.90964083,.,87.42965621,91.50457592,95.63437538,91.78123483,93.56889319,89.04411567,89.55839961,92.20136131,98.07645949,88.8979953,85.39775522,92.1341143,93.78612166,93.51338299
1999-01-01,93.59057084,89.24213952,96.35919403,92.9420366,95.44428855,.,88.49262937,92.43356686,96.24992719,92.14008628,93.94536504,89.90608219,89.85618805,92.74675925,98.73790227,90.10590495,86.22789359,92.71343565,94.08958807,94.18805417
1999-02-01,94.07408987,90.5606072,96.67484585,93.5219666,95.79328237,.,89.45874122,93.05841653,96.78813624,92.71811853,94.42897756,90.57173807,90.51220557,93.33207571,99.23876671,91.13450989,87.21906554,93.09674738,94.46334363,94.42715093
1999-03-01,94.76826525,91.28855835,97.36625025,93.62458146,96.43456767,.,90.85743293,93.48466999,96.69665694,93.38405498,95.11681807,91.27594473,91.28555733,94.02493323,98.7498456,91.98686207,88.2917124,93.88357444,94.86006264,94.92750349
1999-04-01,95.13628062,92.15338232,98.07896485,94.65439651,96.87589182,.,91.68818531,93.62853866,96.86034221,94.38407184,95.8516825,92.29220692,92.27485277,94.72991865,98.82250701,92.49440117,89.08616965,94.69510984,95.46775693,95.52102881
1999-05-01,95.78824182,92.99917451,98.44911476,95.43281964,97.19593909,.,92.54857776,94.21584823,97.33750345,95.23315466,96.17969321,92.93380129,93.00047418,95.12279373,99.11082747,93.09095339,89.97017111,95.43402422,96.14061917,95.85611249
1999-06-01,96.26307108,93.80059032,98.79344901,96.31771932,97.27755856,.,93.39491984,94.88717409,97.95334285,96.02552763,96.08017008,93.72011408,94.03504791,95.59062736,99.59934205,94.06513638,91.27607867,96.33369134,96.55917092,96.59193561
1999-07-01,96.91423638,95.07794672,99.00340049,96.62968235,97.42246155,.,94.37796307,95.86136922,98.22249197,96.64867103,96.79035908,94.47346841,94.93969688,96.13186176,99.85812322,94.95478454,92.8929285,96.75566005,97.08576346,97.29490685
1999-08-01,97.32680751,96.08005056,99.23716323,97.17505506,97.91892838,.,95.55534858,96.58897305,98.18055286,97.17484689,97.28039091,95.64453002,96.02420249,96.87524984,100.1416942,95.88483291,94.27522613,97.46108532,97.44559824,98.01488079
1999-09-01,97.7878232,97.20471037,99.51973814,97.75031605,98.30151536,.,96.95895759,97.41024403,98.57566238,97.67920955,97.88827878,96.98842657,96.79117376,97.6156504,100.3369997,96.95752144,95.5962274,98.19860692,97.98971444,98.59970303
1999-10-01,98.4960368,98.21242057,99.46226676,98.66090938,98.89459664,.,98.03769116,98.00508932,98.98939041,98.32870115,97.94699025,98.05646261,97.59161831,98.29213049,100.6693434,98.021297,96.76429576,99.21320357,98.66566703,98.99249344
1999-11-01,99.08512857,99.27091294,99.55156032,99.40511266,99.60756805,.,98.84846673,98.66793807,99.54297914,99.23870341,98.54636045,98.86402361,98.40007813,98.95753601,100.480949,99.06876291,98.50882751,100.0452494,98.96569868,99.45585683
1999-12-01,99.92624992,100.3583131,100.199344,100.1432562,100.0509118,.,99.66617857,99.47795715,99.85235167,100.3296486,99.31631557,99.62593083,99.35197736,99.64444834,100.5283367,100.0737137,100.0291529,100.528287,99.68455061,100.0941362
2000-01-01,100.3782066,100.9198165,100.6651334,100.5648394,100.5313766,100.7133558,100.6630141,100.1456249,100.4013791,101.0312094,99.94340914,100.1886986,100.339231,100.4128545,100.5925808,101.1045662,101.4499539,101.0772685,100.0762685,100.8718326
2000-02-01,101.2897221,101.8942211,101.1032566,101.411386,100.509032,103.037315,101.6525473,100.8760638,100.9044819,102.0434064,100.4737866,100.9717054,101.2406557,100.9384966,101.2482198,102.4095765,104.1706044,101.6579956,100.788643,101.7012376
2000-03-01,101.6755418,102.6510106,101.1356707,102.4277598,101.1666139,102.7090267,102.7355912,101.3743405,101.437483,103.2246994,101.0864619,101.6311663,102.0606291,101.7151348,101.5559328,104.090945,107.3372228,102.9441449,101.4470578,102.8941887
2000-04-01,102.7031453,104.347652,102.271217,103.4111921,101.7382337,103.2767542,103.5434324,101.7643034,101.5957005,104.1593989,102.0112628,102.9747959,103.1325017,102.2720775,102.1766412,105.7071026,110.6329937,103.4823662,102.3057175,103.9540362
2000-05-01,103.2673025,106.0095418,102.2438202,104.3911078,102.1589563,103.7153923,105.3022503,102.5783676,102.0469294,104.9246977,102.7529687,104.4066828,104.915869,102.9890357,102.075554,107.1348477,113.8005135,104.2171881,103.3905463,104.9246167
2000-06-01,104.1368856,107.930272,102.6939287,105.509361,102.0410368,103.6153571,106.9080682,103.2753476,102.2784767,105.6934068,103.4057955,105.6098484,106.0646881,103.7034544,102.189657,108.9672086,116.8151059,104.4325623,104.2270222,105.7185071
2000-07-01,104.316815,108.9245282,102.2504643,106.0311412,101.9299375,104.0482143,108.2991325,103.99188,102.6734787,106.324687,103.6962613,106.387834,107.0202837,104.0826017,102.400402,110.3165342,117.8649973,104.9357637,105.0311903,106.71136
2000-08-01,104.700671,110.1291761,102.5247295,106.4225175,102.1932892,104.3577987,109.2996236,104.2260728,103.2220011,106.9666325,104.35609,107.3556195,108.0247414,104.4966365,102.6452631,111.672748,119.0478371,105.2198093,105.4140507,107.792643
2000-09-01,104.7786927,111.3708495,102.5164414,106.7101023,102.5189789,105.0762301,110.5514339,104.6521813,103.8936804,107.8867872,105.1079675,108.4654877,108.8255062,104.9660752,102.8113357,112.6560765,120.4148556,105.6243827,105.9062511,108.994655
2000-10-01,105.4223613,112.9694231,102.856735,106.9778292,103.202904,105.5113308,111.7279528,105.0615713,104.675437,108.8086573,106.0967005,109.6255689,109.7860098,105.3255618,103.0260007,113.4697623,123.2500151,105.8171484,106.5093742,109.8719602
2000-11-01,106.0378775,114.770251,103.1750595,107.4722859,103.5570284,106.2834596,113.0985695,106.0946494,105.0359555,109.9839193,107.4037979,111.1564557,110.6367052,105.7987219,103.3389175,115.2529962,126.4431115,106.4012284,108.1887989,111.0880117
2000-12-01,106.5756191,116.9504946,103.004861,108.1494831,104.2201217,106.5659488,114.5405617,106.6794304,105.5192316,110.7160057,108.6589523,111.73152,111.8395912,106.0128829,104.1085065,116.9609476,130.061234,107.2888588,109.8084798,112.4042366
2001-01-01,107.0725589,118.8376339,103.5371012,108.9228473,104.5378384,107.2374049,115.5055316,107.3272079,105.7701061,112.0314766,110.2410821,113.354912,112.9362758,106.403678,104.6038975,118.9013654,133.0402446,107.768685,110.8979383,113.794412
2001-02-01,107.4311992,120.4067042,103.8715647,109.5209269,104.8515109,108.3763469,116.8803774,107.5049231,106.1714892,112.9028991,111.0737813,114.5013144,114.2519434,106.8818859,104.8548689,120.1441855,135.0752616,107.9102416,111.7055806,115.3905922
2001-03-01,107.8180684,121.5561439,104.0025096,110.3573892,104.9671303,109.0833052,117.2387881,108.0410811,106.9856164,114.1784969,112.2704674,116.3910354,115.3141911,107.4563694,105.101334,122.3211848,134.9369746,108.1454939,112.4152162,116.8383174
2001-04-01,108.3548854,122.7395998,103.8687144,111.2885854,104.7817542,109.9003053,118.5200773,108.3903696,107.9476744,114.6367958,113.5252432,117.2732104,116.3649264,108.0815051,105.423376,123.3616042,133.8557912,109.0337927,113.4515472,118.630566
2001-05-01,108.6478837,123.1776444,104.2202035,112.0870505,105.2518097,110.0575794,119.2530311,108.8495266,108.7427131,115.2573887,114.7737646,118.284308,116.9781842,108.7053594,105.9555674,124.2777345,132.6620078,109.2368875,113.7641318,119.256856
2001-06-01,109.3060094,124.4397059,104.3233181,113.216372,105.6779677,110.4809315,119.9740908,109.1420668,109.506724,115.7346108,115.9053589,119.6755967,118.0750456,109.0207498,106.5914852,124.5157559,130.8338032,109.7398447,115.1989257,120.2462902
2001-07-01,109.6704542,125.6014925,104.8353812,114.2107235,106.4754227,110.4215372,120.3902098,109.6610378,110.3045267,116.375632,117.1336266,121.2571627,119.2232029,109.5119103,107.3438144,125.2859736,129.2811053,109.991258,116.1561584,121.080688
2001-08-01,110.1915026,126.9431029,104.6256982,115.251165,106.9814519,110.6340106,120.9636719,110.4128118,110.9728526,117.3585194,118.2926515,122.1184682,120.5863612,109.8604777,108.0167799,125.8703221,128.3306184,110.5542889,117.8462012,122.0872412
2001-09-01,110.669104,128.1461163,104.7309036,116.0953712,107.2734373,110.5229441,121.5056594,110.8528259,111.7007457,118.3400904,119.5218376,123.1955886,121.9830053,110.2765551,108.3422752,126.9777311,128.1842023,111.2109406,118.1249545,123.1038095
2001-10-01,111.0543763,129.133307,104.5258556,116.5205967,107.0055253,111.2041789,121.697879,111.1029639,112.0801178,119.315663,121.0906193,124.0953562,123.0949471,110.7513742,108.534429,128.15207,128.2106527,111.5954956,118.875966,124.1343552
2001-11-01,111.1762232,130.1815686,104.501182,116.8041671,106.7669907,111.4460543,121.6419634,110.9314916,112.9690873,120.3032062,122.7012118,125.2825292,124.4045089,111.0989877,108.4407408,129.3508754,127.6748979,112.0359652,119.5440069,125.0463989
2001-12-01,111.2975831,130.5095054,104.6099269,117.0897046,106.3689351,111.9938248,121.6247672,111.2509467,113.5169,121.2896214,123.7657783,125.9766538,124.5754746,111.6535517,108.4060982,129.9879941,126.8430885,112.0679748,119.8850884,126.1781148
2002-01-01,111.669465,131.3529926,104.7848463,117.5051498,106.8768845,112.5418882,122.0969469,111.4685506,114.4515482,122.7065061,124.4981638,126.419977,125.3799899,112.1573849,108.9251214,130.3181875,126.8420585,112.83631,120.3957915,127.2457038
2002-02-01,112.2786224,131.7735611,105.2631249,118.1213875,107.4248326,112.7491987,122.393265,112.1528379,115.0039714,123.9895199,125.4276807,126.978785,126.097692,112.7909981,109.5302498,131.729694,127.6140983,113.2639614,120.7000364,128.823828
2002-03-01,112.6965739,132.9678938,105.6067111,118.7218112,107.9738504,113.234246,123.1059889,112.3353374,115.404569,125.4560735,126.6489173,128.1233035,127.3204732,113.2063823,111.1355007,133.1933951,129.5599384,113.5728393,122.9581626,130.1388814
2002-04-01,112.7755692,134.5278113,106.1541445,119.634847,108.3572548,113.369581,123.332128,112.320434,115.398712,126.8519015,128.0933039,128.9946814,128.6928636,113.6804641,111.0611697,135.6485817,132.1103688,113.5253186,123.7070545,131.6232917
2002-05-01,112.9404498,136.6817962,106.1393721,120.3391178,108.5903019,113.4649705,124.0086416,112.8180036,115.8738384,128.6919847,129.7919172,130.2200388,130.4847058,114.1978563,111.5249426,138.1327947,134.7483549,113.7289094,124.9503275,133.2949237
2002-06-01,113.2531553,138.7718367,106.2081359,121.0532388,109.1491427,113.1902981,124.2546799,113.3768918,116.3382159,130.772304,131.5675037,131.2041349,132.4955919,114.6767188,111.2987419,140.5380648,137.5691866,114.0536344,125.597683,134.8405626
2002-07-01,113.6674997,140.5415692,106.1526074,121.8597309,109.4570898,113.1793926,124.6760463,114.0326528,116.826837,132.8587156,133.4807435,132.2891623,134.8544315,114.9940436,112.2729053,142.8720719,139.373338,114.4553178,126.8532637,136.9985865
2002-08-01,114.0228453,142.3079507,106.732703,122.634899,109.48807,113.5626296,124.6110147,114.5454596,117.2726695,135.0852195,134.9079968,133.2857395,137.0033611,115.2858062,112.0154878,145.7048378,141.1079114,114.7553518,127.7535771,138.9549701
2002-09-01,114.1699813,144.2031694,107.0559652,123.4835566,109.4130763,113.7406245,124.6669493,114.7971175,117.8044951,137.2367358,136.5818403,133.8947053,138.8266898,115.5396126,112.2054832,148.0427682,141.8508334,115.0462579,128.5738183,140.8022354
2002-10-01,114.6000576,145.848417,107.3102076,124.3509209,109.5824302,113.8646909,125.0002599,114.8778911,119.1616618,139.7231115,138.2664195,135.2622588,140.8018571,115.8141968,112.3339935,150.5892423,142.818293,115.4338205,129.2007709,142.4489305
2002-11-01,114.9270408,147.4093093,107.3409097,125.316703,109.7662343,113.8555606,125.5550027,115.527098,120.6010862,141.8243823,139.8373176,136.1349116,142.8436869,116.2411872,113.0020363,153.0405694,143.6332237,115.9076762,130.2565208,143.8658214
2002-12-01,115.2594165,147.8583131,107.7157938,126.3662092,110.2266169,114.1927633,125.7120326,115.6068385,122.005779,143.9820597,141.7057934,137.9123749,144.9139574,116.7144987,113.8020384,155.1977479,143.8192917,116.6296985,131.8303611,145.5904876
2003-01-01,115.6546623,148.5245372,108.3774755,127.2223766,110.8923012,114.7140393,125.6195074,115.7042007,122.9138064,145.7523966,143.7750668,138.8610666,146.6392227,117.7099064,114.6137088,157.2957753,143.7339185,116.8455818,133.2713866,146.6768575
2003-02-01,115.9571901,149.6978275,108.7542052,128.2111784,111.7011073,114.8235029,125.5986603,115.3437503,123.7485848,147.3087516,145.8722576,140.0442354,147.9370383,118.6079414,115.4001276,158.5003821,143.8503249,117.4796003,134.6619095,147.9440146
2003-03-01,116.6831163,150.9728706,108.4335443,129.4855204,112.0465632,113.9560307,126.1110296,116.1707021,124.3311136,148.8817371,147.3891287,140.5726605,149.2158386,119.5633606,116.0001243,159.6986624,143.9563267,117.9992082,135.5203442,148.6999684
2003-04-01,116.6014656,151.6418152,107.9845731,129.7828344,112.5956816,113.5806734,125.9157545,117.1193741,125.287858,150.4855629,148.6999648,141.5145795,150.3394103,119.9005054,116.3929292,161.0984617,144.2986815,118.4666729,136.6267573,149.9296594
2003-05-01,116.8555981,151.8790005,107.7137924,130.5289716,112.9772111,113.6269877,125.7775653,118.1077152,125.9702974,152.2882862,149.7636195,142.2515016,151.4915951,120.2907958,116.9281173,162.5825809,144.3747841,118.885189,138.1174362,151.3691808
2003-06-01,116.8215611,152.3787366,108.036158,131.0227106,113.3594264,114.1545916,125.080527,117.8390751,126.9435241,154.0628781,150.720364,142.5928427,152.2469428,120.6650727,117.6670139,164.2007252,144.8403097,119.3610203,138.6657432,152.9963201
2003-07-01,117.0367856,152.8920046,108.1501497,131.6989256,113.7933525,114.3458207,125.1645118,117.7945803,128.3570183,157.0161353,152.7761808,143.7984691,153.2898287,121.282273,118.3149461,166.3591717,146.1748464,119.9652865,139.3518809,154.71309
2003-08-01,117.3214863,153.5647119,108.6681115,132.19472,114.4147641,114.3634693,125.597472,117.8318597,130.435388,160.1046712,155.0509821,144.7790883,154.4869639,122.0967767,118.8775111,169.427108,147.7957072,121.0171549,139.7002951,156.7933896
2003-09-01,117.7235736,154.6071178,108.6028426,133.2857866,115.0938137,114.3904665,125.8291732,118.1291387,132.6996343,163.5882695,157.0674689,145.873795,156.3630774,123.0430445,119.4521392,173.1511639,149.6370252,121.698574,141.8645329,159.2560088
2003-10-01,118.0287122,155.9019466,109.9611269,134.4469973,115.731234,114.5054252,126.2980919,118.7979524,135.7037992,167.0564728,159.0842352,146.9700151,157.9770427,123.9063458,120.3382422,177.1534868,151.5501112,122.8347071,143.2851736,161.6939611
2003-11-01,118.4450642,157.6826637,110.6135474,135.6524858,116.1573076,114.6268761,126.7962001,119.1139536,138.7973821,170.7570562,160.7538497,148.0428769,160.016704,124.9745511,121.404939,181.1123621,153.7302547,123.5199509,144.8763966,164.1649903
2003-12-01,118.6938528,159.3033907,111.1991567,137.0408898,116.3668446,114.4252652,127.2640994,119.4409567,143.07711,174.7845801,162.6049156,148.7533492,161.8950573,126.2474472,122.3851473,185.0452318,155.987269,124.835054,145.2327223,166.5218951
2004-01-01,119.2967149,160.5725806,110.4945397,138.0252898,116.4626837,114.9338685,128.0829344,119.7727251,147.2386863,178.7737389,164.8300539,150.000165,163.6433148,127.2893386,123.1392398,188.629565,157.8431182,125.5832468,147.9990272,169.5353069
2004-02-01,119.5742772,161.9872411,110.7106032,138.762427,116.8527457,115.3652946,128.6404447,120.0050232,151.6328173,182.9149348,167.0463284,151.2615499,165.450558,128.3973969,123.921481,192.6708924,159.953915,126.5822926,149.5132166,171.7954769
2004-03-01,120.1514885,163.2534281,111.2827667,139.6106449,117.0965475,114.4899221,129.250025,120.9502572,159.8350209,188.7866647,170.3128292,152.7939438,167.4792241,129.6369834,124.1830069,199.0584848,162.2126999,127.5261097,152.6687943,174.6481829
2004-04-01,120.865726,165.5316551,112.0880647,140.171054,118.0140291,114.7124351,129.290297,121.378221,167.5099133,194.5002795,173.1014405,154.4437702,169.1395565,130.9273204,125.6818343,204.9232004,164.5344875,128.5972053,153.2278902,177.8454612
2004-05-01,120.940636,166.1746229,112.51888,141.4729686,117.8811206,115.1533627,129.3119789,122.1673795,175.4259349,199.7377546,176.56028,154.9312772,171.1441538,132.4655356,126.6213258,211.083906,166.7999644,129.8798311,155.3634215,182.0081026
2004-06-01,120.8948463,167.516776,112.6199919,142.3152625,117.9203598,115.4998657,129.8435554,121.8042922,185.0012012,205.2786512,179.8376502,156.2315891,173.3475405,133.9242131,127.5131645,216.7246103,169.8353093,131.0946829,157.8340331,186.7273482
2004-07-01,121.2902951,168.1412053,112.7418406,143.231923,117.9166144,115.7740408,129.9698039,121.6004115,193.5972926,209.2972257,183.3186231,156.5417832,175.6484901,135.8000162,128.4537792,221.8727273,172.0944844,132.2574166,159.9502663,189.8993662
2004-08-01,121.7247723,169.2891258,112.5201328,143.8474902,118.0749692,115.9086707,130.3521756,121.6044658,199.396916,211.1491454,186.6992081,157.3125361,177.2841048,137.5650169,129.6290817,225.1220558,174.5344868,133.1196577,162.5786829,193.0503833
2004-09-01,122.2428053,170.1588781,112.5938141,145.1819639,118.5327726,115.9402314,130.5140579,121.7997819,203.0196693,212.7178339,190.3905732,157.2980094,179.1222235,140.5732085,131.166204,227.9869174,177.0168445,134.2341796,165.0829394,196.118762
2004-10-01,122.7244387,172.0484382,113.0478842,146.166401,118.6331344,116.2280894,131.2708983,122.1114938,205.266161,213.8687804,193.5435978,158.1867901,181.1255539,143.8046772,132.7209351,230.2674032,180.0477812,135.2370241,167.9596184,199.5471601
2004-11-01,123.2330189,173.0521173,113.8260734,147.2503154,119.3184199,116.465998,131.8710907,122.4379796,206.8568402,216.0224028,197.0715236,158.8701195,182.9294218,147.6961855,134.0958145,231.7628922,183.2781888,137.2847102,170.5882343,203.152131
2004-12-01,123.9485806,174.3183608,114.7655454,148.5852819,119.7533241,117.0353636,132.7550595,122.7017003,208.1852244,218.1291871,200.8735375,159.6756168,184.6001876,152.1519788,135.2205224,234.3001273,187.11434,139.1152284,173.570227,206.9746225
2005-01-01,124.6364979,175.7590903,115.1299068,150.0412227,121.1346851,117.557846,133.3952042,123.2648352,209.1559457,221.471268,205.3398647,161.3988004,187.1729788,156.3291319,136.7749613,236.7145158,191.6210845,141.6265145,177.2420316,210.7999377
2005-02-01,125.4442927,177.9353966,115.6424228,151.8230671,121.9016142,118.268523,134.3703156,123.9567251,211.679717,225.2073513,210.0508613,162.6765602,189.7929612,161.6481757,138.2768224,239.0281674,196.0190227,143.0345843,180.8353755,215.1805876
2005-03-01,126.1905186,179.4603974,115.4453314,153.9954175,121.6296412,118.9371485,134.6566938,124.7631099,213.6633236,229.7469315,215.9587898,163.7647066,193.1876384,167.797153,140.1986246,239.9156371,200.4687911,145.3319225,185.2658028,220.9929085
2005-04-01,127.0067832,180.4936493,115.4655244,154.6039248,121.8775807,119.0334134,135.0899851,125.5386781,216.1934717,233.4435915,222.3494085,165.0675366,195.164634,174.6365973,142.1045084,241.2985795,202.3075347,146.770405,188.447289,225.7638183
2005-05-01,127.2912857,180.7103805,116.0205534,155.2749203,121.9076119,119.2790551,135.1289017,126.4999923,217.9856004,237.1054611,227.5602767,165.1698084,196.7324693,181.1306653,144.4768901,242.3290686,204.8211612,148.7715314,192.0070726,229.7370572
2005-06-01,127.8154665,180.0832614,116.989805,156.0730277,121.6118875,118.9965534,134.9384126,125.8619775,219.4370301,240.5833356,233.9546447,165.4179047,198.1975211,188.9478443,147.5672487,243.6538068,207.1950267,150.7868028,196.8025027,233.785261
2005-07-01,127.7642876,180.011949,117.6989482,156.61735,121.4492001,119.3746938,134.9697594,125.2639962,220.4597897,244.2625601,239.2237041,165.2084398,199.8116212,196.1594691,150.4187127,244.5163273,209.3077817,152.8297951,201.1150569,236.7812993
2005-08-01,127.9255533,179.7009375,118.5133865,156.5551887,121.4277133,119.5552179,135.2374434,124.6764641,222.0231159,248.2838162,244.9378911,165.3222696,201.5001098,203.0042762,153.4146586,245.5040393,210.7149979,155.1056974,206.3917432,238.9966349
2005-09-01,127.9456428,180.1476967,118.5906467,157.9664548,121.6556137,120.3367754,135.9088309,124.6545859,223.7733777,252.8411181,250.6965108,165.586522,204.0753338,209.5774363,156.4617888,245.9519888,212.6977181,157.5274499,211.7130068,241.389075
2005-10-01,128.8470039,180.0131164,119.9284356,159.153794,121.9908255,120.9349003,136.6096354,125.1213429,225.5766953,257.7433508,255.8710942,166.9076731,206.6802702,213.6183371,159.0791956,247.71349,214.124884,159.8335519,217.891193,243.7677878
2005-11-01,129.7457808,180.8117297,120.3688557,161.3249935,122.4919215,122.1076474,137.2211737,125.6849596,227.9091477,261.663626,259.9216807,168.2862982,209.3224938,217.4109499,161.7748502,249.5464132,215.5145496,162.4826973,222.5752752,246.2203911
2005-12-01,130.7050085,180.4373067,121.5696466,162.646533,122.8402705,122.8337664,137.9194285,126.3437999,229.8883996,265.4191918,263.9398235,169.3292509,212.0536007,220.1777385,164.2339135,249.8691236,216.4135858,164.8273168,226.002403,248.4378566
2006-01-01,131.7088563,180.6259813,121.0272457,164.4479114,123.3595555,123.4430299,138.8041259,126.8727063,232.2726254,268.2086094,267.9690054,170.122662,213.506008,223.0111977,167.1032385,250.5741424,217.4019214,167.4200572,229.5233597,250.2725279
2006-02-01,132.3370652,179.5431202,122.1365447,165.921467,123.3113362,123.4820043,139.2904203,127.300639,234.400902,271.2338143,272.0326293,171.4529345,215.0554254,225.2538788,169.6750976,251.3769819,218.8210848,169.4736618,232.2849431,252.0225669
2006-03-01,132.6519765,180.0499625,122.7974402,168.016158,122.9772899,123.4651352,139.3427324,127.8696806,235.2298247,272.0844084,275.0764444,172.2540843,215.7196148,226.4856737,172.57718,251.6916937,219.2948932,171.7975934,235.9776894,252.8170418
2006-04-01,132.9499339,179.3443439,124.1243078,167.6166501,122.3419136,123.2151784,138.8122668,126.023157,235.7555079,273.0893651,278.1538426,173.7578265,216.4384917,227.7786357,174.0609904,251.3225653,218.8219716,173.0889517,237.9478985,252.2909733
2006-05-01,133.0248717,178.3258362,124.5838445,167.7171146,121.8625779,123.0901966,138.7354679,125.31853,235.3884845,272.9306679,279.6958573,172.8185911,216.6192688,228.0604418,175.3624313,249.6622217,218.024487,174.6902336,239.0039455,251.1930393
2006-06-01,133.0985297,176.4950399,125.2954671,167.1552188,121.943821,123.2349652,138.4480327,123.757632,233.677264,272.2181368,279.2094909,171.4454161,216.1953,227.5405666,176.7215798,247.9190677,216.5468745,176.5374175,237.9649513,249.3268006
2006-07-01,133.1433805,175.6015625,126.3321991,166.556528,121.8632895,123.5575567,138.3382534,122.6269983,233.0603784,271.4939675,278.4689112,169.2810947,215.0504284,226.0942324,177.7436137,246.0130749,214.9843038,178.2783115,236.9369721,247.0600071
2006-08-01,133.0778951,174.9174866,127.0427268,166.0197463,121.2219804,123.7201834,137.8093918,121.5904776,232.3993619,270.5875816,276.0375511,168.3742715,213.097444,224.5057966,178.8852103,244.1246435,214.3101019,179.7687813,235.46861,244.4149831
2006-09-01,133.0425968,173.8477579,127.7970057,166.4521269,120.5012638,123.6543808,137.6338189,120.6263465,231.8708842,270.4349713,276.3065528,167.3900369,213.0266997,222.9438861,179.5062265,243.3754949,213.5584179,181.0198314,234.138264,241.7351555
2006-10-01,133.7037867,173.7316305,128.0648774,166.481773,120.1599245,123.7012799,137.3678888,120.3463595,231.3006081,270.9984232,277.5085959,167.4693501,213.0284762,221.6856462,179.8754636,242.0884262,213.3630696,182.100097,232.3670676,241.779043
2006-11-01,134.077816,171.9108511,129.1145149,166.5132609,119.9503239,123.8222694,137.3140808,119.8420122,231.423265,271.902684,278.7702294,167.4145308,213.1602553,221.0431263,180.378443,241.4378196,213.2684725,183.4166344,231.3151322,241.5399659
2006-12-01,134.6471348,171.287394,129.828135,166.9590003,119.7455338,124.5055517,137.6489111,118.6543943,231.7687766,270.3218818,279.6896331,167.6614045,213.2538319,220.7067985,180.4554831,239.3339563,213.1592301,184.7358624,230.1074824,241.443282
2007-01-01,134.9839585,170.5766367,130.7787612,168.2654753,120.0881237,124.5039077,137.5968998,118.1639022,231.940076,270.8045774,278.9433355,168.731692,212.9110674,221.4236775,181.9062747,240.1531261,214.623691,186.3840792,229.758387,241.4111157
2007-02-01,135.6058808,171.2803314,131.3074257,169.482607,120.3265302,125.2197035,137.4073125,117.8817557,231.7996999,270.1368151,279.7902284,169.5971177,213.3135396,220.8685663,183.0628826,238.9047594,214.8833167,188.0176784,230.4398291,241.8003994
2007-03-01,135.8628077,171.8514986,132.0692361,171.2780483,120.4437293,125.4423788,136.981313,118.5910488,231.2333576,268.7475501,278.604538,169.9836691,214.2501185,220.1508954,185.0746487,236.6254695,215.3201924,189.5457645,229.5771059,241.4525333
2007-04-01,136.1229978,171.6527872,132.87121,168.7676826,119.2420695,125.6640924,136.5577889,116.6751522,228.6884856,266.4293174,276.1145811,169.8867608,213.6120585,218.1614527,185.4410051,234.6466246,213.5308726,189.958406,226.6763142,238.5802819
2007-05-01,135.4062041,170.9342905,133.2167729,167.3704811,118.4656424,125.2412659,136.7839304,113.9747402,226.0130089,264.2445831,270.9652815,167.4575176,211.8771743,215.5751322,185.3781886,232.3752454,210.7750146,190.5242761,223.0848344,235.8395584
2007-06-01,134.8920232,169.7067848,133.6496661,165.9739752,117.1433246,124.9356106,136.8232,111.4747184,222.1359985,261.3228379,266.1064526,164.8212891,209.708242,212.6540742,184.6276924,229.9090398,207.9660592,190.3815781,219.4425956,232.4461107
2007-07-01,134.0917314,169.2287796,133.6784732,164.6498534,116.749997,124.1437463,136.9569297,111.070772,219.112102,258.488891,260.118824,162.8521823,207.7749242,209.408749,184.2059918,226.6706457,205.5668263,190.1986172,215.4676706,229.3093292
2007-08-01,133.5627841,167.9864836,133.8646131,162.9402699,115.786516,123.9965264,136.8345154,109.7427049,214.8828498,254.8483639,253.9654324,161.2502452,205.373375,206.3313053,183.4688876,223.587368,204.5166785,189.5774093,211.1311426,226.4182883
2007-09-01,133.0457177,168.0403976,133.6804644,161.4001914,115.4591606,123.7293986,136.2157455,108.5118389,211.0532775,251.2994206,248.347027,159.8179041,204.8669611,203.0688541,183.2542872,219.8032979,203.115342,189.1467427,207.4934015,225.9124075
2007-10-01,132.6704277,167.4124188,133.4950582,160.3032334,114.6190383,123.5007313,134.7500141,106.5549762,206.3184838,247.0067606,243.0259224,158.5147917,203.9592789,198.0270238,183.1692921,215.381255,199.6474684,187.8754807,204.7373799,225.4357684
2007-11-01,131.3627861,166.9573115,132.9084335,159.6269384,112.8977902,122.4109999,133.0167041,104.1659218,200.74024,239.2346419,236.4152991,156.5207174,203.2961608,192.4280835,182.5847587,209.1088958,194.695479,186.4608944,202.0514155,223.0175601
2007-12-01,130.4421314,165.5280867,133.007919,159.3514818,112.3000997,121.7877984,131.607409,102.4542094,195.972888,233.1140675,230.5842081,154.5014979,201.7193992,186.8950068,182.6388552,203.4701686,189.9933131,185.7325117,199.5334744,219.2371463
2008-01-01,129.6992031,164.752559,133.2419357,157.5286272,110.0875657,120.5782357,130.9372041,100.3784885,186.8675547,226.1116059,225.022122,152.0501114,200.8048789,181.1202055,181.0853201,199.9368103,186.6337195,184.4660831,195.8583663,215.6564981
2008-02-01,128.7057284,163.5284471,133.4834729,155.9694181,109.6489773,120.376434,130.2579134,98.6448152,178.6060441,217.7718713,219.1623058,149.0824547,199.444615,175.055241,179.6389532,193.1881169,178.8522344,183.5421115,190.778636,211.6734911
2008-03-01,127.4959959,162.2226839,133.2226404,155.2442033,109.4401592,121.4663583,130.3514135,97.92413065,171.1939645,210.5813857,210.7764473,146.9623899,198.8306517,169.7088261,178.0016085,188.0430153,172.5696802,181.7309685,185.1956266,207.6832225
2008-04-01,125.6019015,160.9596903,132.7720685,153.9317461,111.2723046,121.475531,130.1906312,96.26818074,167.2566519,205.1006513,202.9097634,144.6313328,197.1559541,163.9206562,177.0050368,182.183959,166.7359407,180.7616013,180.8908403,203.7338292
2008-05-01,124.627306,160.576831,132.8900206,152.0079694,108.9710215,121.2994095,130.1231428,94.58752787,162.13428,199.4330844,194.5105104,143.4108444,195.8419092,158.5401747,175.6269528,178.5035418,162.5593316,178.422245,178.0672261,199.8656043
2008-06-01,123.0791338,160.5470986,131.9288301,149.959634,108.2958729,120.7399521,130.185374,93.36344214,159.191256,195.1335909,190.7690899,141.8664614,194.8404244,153.2311288,173.8595225,174.3506978,158.501356,176.6102668,174.9349157,196.1753924
2008-07-01,121.9394691,159.6734654,131.1678754,147.5456241,107.2176261,120.8145172,130.2332622,92.30117161,154.2712642,190.6762095,186.2168048,140.9068367,192.564118,147.9989041,171.7355987,169.8619924,154.1051321,174.2166323,173.1494752,192.712608
2008-08-01,121.095585,159.4915613,129.9702356,145.9390108,107.7171616,120.540888,129.6115672,90.41552837,149.6928434,186.6491654,182.0139004,138.4064774,191.070943,142.9871086,169.262067,165.7396489,148.1592563,172.5327432,172.3214591,190.4384775
2008-09-01,120.1205594,158.2203069,128.9089312,144.2132059,107.995913,120.3323675,128.7504278,87.78410755,145.340586,181.8455478,177.4286644,136.4175404,189.6575564,138.2661687,167.3326721,161.8925382,142.8338314,170.3007502,168.7108319,186.8376232
2008-10-01,118.682909,157.4359481,127.5317282,142.3479258,107.5534836,119.680533,127.6937243,84.55838507,141.1220532,178.0673554,172.4311025,132.5814931,187.8090924,133.3956509,164.5995753,157.9384983,137.586042,168.5240885,164.0198757,182.8718837
2008-11-01,116.6989398,154.8419158,125.8762701,139.5261586,107.0969175,118.3615069,127.3274428,82.51634958,137.1259577,174.9519588,168.4884419,130.6160433,185.5063741,129.1729148,161.7105857,155.1518332,134.6817579,165.5518403,159.8717716,179.5596238
2008-12-01,113.9781634,153.9974848,123.5178305,136.7115031,105.5760926,116.5759459,126.4868432,80.24516502,131.2223102,171.4440067,164.2680816,125.2874335,183.3148497,123.432817,158.6431193,152.9065296,130.6320507,161.0676782,155.7516364,176.3628252
2009-01-01,111.4531463,152.6756438,122.5665756,132.1832621,104.6707193,114.7707357,124.4553503,77.69056418,126.0550728,167.8310264,158.7975622,121.4468689,181.5708074,117.8756582,155.9433484,150.1767611,126.6550737,157.1617635,150.5216719,174.1837157
2009-02-01,109.4012635,151.9055531,121.2445403,129.4038279,100.5964863,114.8985983,123.1272354,75.4449718,121.9683783,165.5457688,154.7594363,119.4318988,179.3415447,113.5077865,154.0317505,149.1510239,123.9731925,155.792608,147.4832894,171.4289001
2009-03-01,108.0700153,149.6720959,120.9418806,127.336126,99.89692552,114.7935356,123.3147228,73.13832705,117.8090675,163.7406544,150.4294787,113.7524047,176.1948474,108.7078307,150.999066,146.5769887,121.0943942,152.2608329,144.1053384,169.8867161
2009-04-01,107.3087453,148.7991955,119.56607,125.8639645,99.66149875,115.331235,123.7387642,72.20223023,113.4639435,161.5460245,147.9137002,113.207864,173.3798215,106.1325683,148.8620158,145.7136673,120.168794,150.4694773,142.4343564,169.5744471
2009-05-01,106.1328235,149.1638416,119.4902411,125.7985138,102.1338043,116.114236,124.0232978,71.66882251,110.2298242,159.8372228,145.6728158,112.617554,172.863941,104.2677249,146.9669347,145.3895115,119.866476,148.5586227,140.9823964,170.0299444
2009-06-01,105.8538965,150.8416248,119.0750602,124.5194934,104.7534433,117.8173483,125.2751358,69.90487637,107.5705056,160.3113765,145.9451098,113.7749182,172.250378,104.6550137,147.3333569,146.4687228,123.3419341,147.8505178,140.3905606,171.7669969
2009-07-01,107.0969326,151.3683206,119.281623,125.9230713,105.5274612,118.6843942,126.2883885,69.30969688,105.8909912,162.2114002,146.3446937,116.7377816,172.2931024,105.7903647,147.6515133,148.886693,126.1580954,147.1204214,140.8712633,173.5998753
2009-08-01,107.9189867,152.3919705,118.7057674,126.6398523,104.3806463,118.9211729,127.028071,69.66761264,104.9556951,164.2585447,147.3235431,119.1706771,172.3151162,107.0511995,147.8802571,151.0333375,129.2357974,146.9686194,141.4124455,175.7394404
2009-09-01,108.7430077,152.8023453,118.4332504,128.1651629,103.9214225,118.8929257,127.2827493,70.60061294,103.8174144,165.5291719,148.344488,121.0835912,172.427663,108.1219542,147.575809,152.7199723,131.5570514,146.6314088,140.3040999,177.4017667
2009-10-01,109.1660279,153.1447911,118.592355,127.5694762,103.8922245,119.0930258,127.592688,71.40464293,103.5671046,166.8887931,148.3299579,121.6137723,172.3832511,109.3816091,148.1495741,154.2257981,134.0270364,147.587616,139.0576002,178.096433
2009-11-01,109.7930928,154.0789557,118.9715698,127.7638832,104.5294998,120.2102951,127.9940015,71.60746007,103.5586601,168.9201469,148.2174485,122.1871113,171.7687864,110.8888468,149.6470799,155.780224,136.1175506,147.9610766,139.0282637,178.5837216
2009-12-01,109.837237,154.8339735,118.9650213,127.1216591,104.3739325,120.1402854,128.0699085,72.07769285,104.2237843,171.5857017,148.140436,122.7942023,171.966858,112.1194676,150.213574,157.0381507,137.0263063,148.572252,138.8816529,179.791594
2010-01-01,109.2703836,154.9766416,118.8046332,126.8396331,105.2316779,119.6177922,127.8945127,72.14065204,104.0720857,174.4412088,148.3470894,123.8514269,172.3589755,112.5425169,149.5803942,159.0698065,138.4932663,148.0470264,139.6582308,179.9709162
2010-02-01,108.7231883,154.7284081,118.2097539,126.223186,104.6098449,118.0095524,127.7287517,71.56354461,104.1139459,174.4671293,148.3119155,123.2955347,172.4441036,111.6219285,146.8481809,160.5082928,139.2947623,147.4588762,138.9007079,180.4539755
2010-03-01,107.0218788,155.6171918,116.2073817,125.023576,106.7078649,118.3156207,128.3440979,70.15897989,103.6867311,173.6713377,147.9985797,122.0615566,172.2741793,111.264887,146.9068851,162.3778509,140.9467032,146.9876591,139.0884167,179.8860409
2010-04-01,107.6131926,156.0521926,116.8373064,124.2740557,106.4283648,119.2121604,129.0317898,70.28692454,103.7722405,174.0383598,147.2347937,124.5069538,171.9582404,111.648769,148.3477352,162.7010612,141.7270776,146.2207414,138.9888179,181.9822564
2010-05-01,107.8265187,156.4108397,116.0337636,124.0412797,105.7665963,119.4077228,128.3006906,69.96746221,102.9784524,175.1561579,147.3034199,125.7663261,172.2872665,111.6046829,147.8626032,163.321513,141.3889988,146.1414279,138.7854491,182.9840457
2010-06-01,107.5043279,155.7264605,115.7581225,124.0192431,105.394512,119.0016439,127.3829945,70.28178154,101.9472858,174.7963428,147.2227862,125.5990517,172.5556241,110.7484006,147.453454,162.8351644,140.534411,144.8629924,137.6941116,183.9399177
2010-07-01,106.6487706,155.2661523,115.1372683,123.1394814,104.7393313,118.0945773,126.1854119,70.0113221,100.7061466,174.2306754,146.5535868,123.6525976,172.8308265,109.3448845,145.7358277,162.7353483,139.8602561,144.365361,136.0505002,183.7396528
2010-08-01,105.3908905,154.5060721,114.6239017,122.244437,103.8856859,116.8352138,125.6449712,69.35611521,100.1894646,172.9663467,145.6663835,122.16638,171.8590232,107.5431041,144.3301221,161.5441345,139.1730232,143.2210926,135.3810006,182.8121667
2010-09-01,103.951159,153.3869786,114.0743248,120.5712938,102.0279842,115.8024335,125.3062213,68.29862803,100.2694897,172.7890256,144.2189406,119.5936092,171.6059387,106.1423188,142.1694059,160.4202865,138.8849149,142.8017296,134.3491627,182.7260727
2010-10-01,102.5425916,152.9986595,113.6658415,119.2240909,101.2285778,115.4814272,125.3986386,67.73014369,99.97624327,172.5954934,143.4310956,118.5352603,169.2877181,104.9054898,140.4974303,158.8361608,137.2364026,141.6867234,133.8395106,183.0379206
2010-11-01,101.5171418,153.0634319,113.8491762,118.389132,99.91766723,115.2520068,124.8131261,67.38290681,100.056861,172.6895371,143.232464,117.3028828,168.7787733,104.0148664,139.4191776,159.8404407,136.9861533,141.1420349,133.1782788,183.4744845
2010-12-01,101.3990474,153.7015421,113.5821808,118.1121745,100.8506704,115.9795975,125.0745814,67.79859189,99.40045825,171.4356086,142.8712546,116.8409957,168.3034906,102.9334707,138.6620567,159.8392386,136.9063351,139.9373342,130.9902001,184.1475176
2011-01-01,102.5335717,154.202848,112.9429825,117.7884017,101.0650235,116.2799123,124.9906426,68.06489103,99.47657586,171.5104126,141.5442317,114.8361611,167.1886464,102.2919643,138.1443312,159.2723524,136.5326912,138.4642976,130.5323365,184.3123877
2011-02-01,103.8101419,153.2352808,112.2096341,117.1544838,101.5160328,116.4466591,124.377945,68.6828342,99.03821489,170.9504178,139.4487963,113.089726,166.6136589,102.1471278,136.6807768,157.6035094,134.740839,136.7429434,130.0380328,184.1271818
2011-03-01,103.6245451,151.3782774,110.2212291,115.6769862,100.126457,115.0216345,123.2774807,67.75566643,98.21004247,170.6927803,139.0099383,110.1518103,165.5217822,101.7061541,135.6190541,155.8247921,133.7180532,135.9839698,129.0277599,182.0386235
2011-04-01,103.5647824,149.2516302,110.9483777,113.6716826,99.51509389,114.1525774,123.5779235,66.86820034,97.30429423,170.1305145,138.8591478,110.1640048,167.1229515,101.5452209,134.6519409,155.5517646,133.5153326,136.0335414,127.9781094,180.7399732
2011-05-01,102.5455551,151.1793249,111.4365672,113.8096683,98.92872002,113.6826575,123.7792323,67.17829883,96.06145253,169.2032623,139.2543426,110.8653094,166.8377859,100.7693302,134.2960582,154.7716619,133.1936726,135.5998035,127.28674,180.5802664
2011-06-01,101.9475284,152.3280438,112.1003313,114.3694906,98.76805233,113.9609203,124.1554763,69.45802987,95.69084742,168.5598927,139.4382388,111.8232484,166.2856276,100.3313719,133.2029987,154.0145177,132.5465245,135.3254695,127.401558,180.6159837
2011-07-01,101.2047412,152.1597624,111.7677823,114.4810119,99.19975831,114.3856904,123.5597536,71.25653029,95.18202369,167.9624074,139.6224522,112.8447609,167.0408605,99.66079938,133.3134399,153.1258183,131.9297259,134.7403658,127.3616811,181.6685583
2011-08-01,98.65689842,151.7868292,111.6043862,114.857019,99.09986515,114.7716104,123.8153716,71.29541104,94.34299648,166.9221488,139.0080487,112.1875299,166.6889608,99.33720341,133.3466013,152.7391782,131.8867755,134.4547777,127.441585,181.8040915
2011-09-01,93.8819211,151.6078521,111.6291302,114.3620676,99.04300447,114.9129407,123.7392488,71.81001212,92.97378385,165.7300552,138.5644278,112.1666568,166.9516656,99.39429338,134.0855745,151.9840618,131.0056473,133.5433104,125.5508485,182.9316663
2011-10-01,90.68369371,151.6086501,111.274942,113.6591154,98.93643829,114.9535303,124.3797795,71.20289196,91.57016444,164.2839738,137.8195816,111.9440169,165.1387589,99.72801204,133.9364135,151.8575907,131.1616819,133.1270527,125.7895234,181.2733383
2011-11-01,89.69634578,150.8101948,110.6446241,111.740384,98.91303496,114.4855669,124.7297929,71.13686859,91.04474852,163.6149698,137.1715381,112.2567343,164.3089056,100.5108143,132.9962924,151.2961675,129.803027,132.4912003,125.2151604,181.1460627
2011-12-01,88.58853885,149.8273656,110.2243603,110.8092525,98.49903127,114.476794,124.6797154,70.40076171,90.74977788,162.8060044,137.7400434,112.1171823,162.9808556,101.9136562,133.444373,151.3982236,129.8680183,132.4408897,125.6171969,179.793757
2012-01-01,87.32076326,149.913231,109.9665971,110.1820151,97.31998199,114.7392744,125.1126839,70.92144014,90.52152618,162.4595798,139.0882571,112.9680904,162.1006236,103.6295869,132.3910251,150.9088779,128.628245,133.2334038,125.6207036,180.0757535
2012-02-01,85.86533026,149.5859694,110.5183822,109.1072718,96.96680007,115.2022536,124.8297142,71.20263766,90.69135713,162.1186427,140.7382301,113.943402,161.1343277,105.3997663,132.5261791,151.450319,129.2135548,132.8823876,126.2589951,178.5651428
2012-03-01,85.15411281,149.6238469,111.284559,107.3055013,97.46086123,116.5197239,126.1071812,70.80236847,90.77338346,162.3125595,142.376517,113.7865132,160.561751,107.6802285,131.639818,151.3727727,129.2958017,133.9746243,127.0614698,180.3379933
2012-04-01,85.71630135,148.9935699,112.0598945,107.0415077,98.28825639,117.1062049,126.8290292,70.2003144,91.56554915,163.6818881,142.8364856,114.1817885,160.9944375,109.9695744,133.1479955,152.5423115,131.1256213,134.4685844,128.9172346,182.7915819
2012-05-01,87.50512766,150.6686022,112.398084,109.9795894,99.42543343,117.9206563,128.1008865,72.53572989,92.85550506,165.5415634,143.6431706,115.4274431,161.7269039,112.1737384,134.7488687,152.8170146,133.563656,136.064412,130.3698322,185.4452548
2012-06-01,89.60799671,152.2748562,113.0382134,112.0219127,100.00259,118.232284,129.2025324,74.80605121,93.81088693,167.2553455,145.3074905,117.9485317,162.5598502,114.1720088,137.0365023,153.5722086,136.2788298,137.4444885,131.6725082,186.9532267
2012-07-01,91.24512947,153.6467963,113.7879209,113.1045035,99.96292749,118.7685479,130.3692617,76.09464638,94.11830567,168.6622004,147.0387774,120.2930434,162.5856156,116.247922,137.5496031,154.4824683,138.2802802,138.6544371,132.210024,187.7077436
2012-08-01,92.79364616,154.6435747,114.9111514,112.9575284,100.5108817,119.1708573,130.9550127,77.05743058,95.11630552,170.6466983,148.4834837,120.7922723,162.9380157,118.1134795,138.1912762,155.8154697,139.3191617,138.9758862,132.9501093,188.3376894
2012-09-01,94.15787801,154.630266,114.7614788,112.8069571,100.5343669,120.1170984,132.2803237,77.7610477,96.54590325,172.7143663,149.1016421,122.1774617,163.3460035,119.7917637,139.0512505,158.4734596,141.228517,140.1446356,133.1656857,188.7329545
2012-10-01,95.17276209,154.2227758,115.0203252,112.5479647,100.9829763,120.372815,133.1529046,79.14476011,99.42490472,174.7867216,149.7077241,122.6105972,163.1088568,121.6071426,141.0258,161.1981949,143.2750413,140.999487,133.3246043,188.9322476
2012-11-01,96.543068,154.2803916,115.4509125,113.0956206,100.9111169,121.1864421,134.6143863,80.14769914,100.3085162,176.5405827,151.0463351,124.5509545,162.4913565,123.6381858,142.1182574,163.631345,146.6126265,142.751939,133.8580486,189.2807725
2012-12-01,97.37122156,155.2704797,116.2774753,113.6442561,101.5239006,121.8455209,135.3925391,81.32270591,102.6165187,179.5723848,152.6053264,126.0502197,162.6977836,125.4896311,142.2633575,165.5823441,148.8594216,143.637572,134.6685192,190.4014388
2013-01-01,99.01178767,155.9901253,117.1426732,114.1437182,101.7372687,122.6498203,136.4587436,82.23528087,104.4659253,182.1953758,154.1476028,127.2847505,162.7907665,127.6539618,143.4815275,165.6494686,151.2215161,144.9794644,137.0318637,190.8897387
2013-02-01,99.8750693,157.3055101,117.7411757,114.7602257,102.1779461,123.1805585,136.9806665,82.45335764,106.5641547,184.9016348,155.3758081,128.141946,163.7776614,129.5495248,144.8681071,166.6664777,153.2632899,145.1654978,138.6875349,190.6470035
2013-03-01,101.0159454,159.0992443,119.4819129,115.0942095,102.6666388,124.1290336,138.0226867,84.15736911,109.4103197,188.9499998,157.3470685,127.4873006,163.3175129,131.6092824,148.1577104,169.4258762,157.3090438,147.8627274,141.5107543,193.6577358
2013-04-01,103.1900225,160.6596989,120.498386,116.6009733,103.2539907,125.5236947,139.0374246,85.04304575,111.867217,193.8614346,160.8130838,130.1468507,164.8489342,133.2960951,149.9372413,174.6766499,161.748573,149.30209,143.1754712,195.4632299
2013-05-01,104.9305159,161.6534703,121.1563454,118.8191003,103.3415278,126.8165416,140.3609037,87.0661702,114.2656808,196.9451594,163.6966047,130.9034081,166.0283871,135.1402374,151.3838434,179.020955,165.8697464,151.9292302,144.4400097,197.0566119
2013-06-01,106.7659889,162.5463966,121.7928962,119.8575098,103.8765622,127.9388618,141.4279766,87.78072717,116.9106304,200.32804,166.5083754,131.256108,167.0723711,136.7112451,153.027247,183.0301129,169.4479446,153.4470375,146.4855178,197.4922452
2013-07-01,108.4574823,163.573475,122.2041598,121.9452575,104.1038199,129.1036426,143.150205,88.87864257,119.8052516,203.8338471,167.3620142,131.9159884,167.8850134,138.3066882,154.4444065,186.0803433,172.9163587,155.9086246,149.1316351,199.2192489
2013-08-01,110.2981896,164.8189817,123.5312198,123.0813619,104.3181072,130.2262219,144.5377131,89.942895,122.8780269,207.9216323,168.9398058,133.5119078,168.9015937,140.2374616,156.3590452,189.613954,175.4666784,157.4163349,152.0872707,200.6331343
2013-09-01,112.0595573,166.5204182,123.7905734,124.2535293,105.2148381,131.2121887,145.6910098,91.50780495,124.6863543,210.7695099,170.7000061,134.9790119,170.319498,142.2578095,157.9883427,191.8307314,178.1972061,158.981759,152.9374797,202.4998714
2013-10-01,113.3256835,167.6820353,124.8554647,125.3716845,105.2468856,132.1496036,146.0355299,93.06777478,126.4858336,213.681091,173.4722141,137.0045141,171.3971421,143.7386104,159.1607649,193.2986403,178.9692377,159.8839511,153.780416,203.4159471
2013-11-01,114.2863879,169.4729994,124.862822,126.017172,105.802193,133.2346239,146.76974,94.22233177,127.8451242,215.0703339,176.0657491,138.0275318,172.4772663,144.4499114,160.1597829,194.4183923,180.986292,160.8957719,154.8917517,204.3890749
2013-12-01,114.9400405,170.2986231,125.3462781,126.7530704,105.0077686,134.2535853,147.6992977,95.02070218,128.9344681,216.1582125,178.0022119,138.5710373,172.8220376,144.7582724,161.2025124,195.5709635,182.70443,161.7551922,155.8710112,205.9060328
2014-01-01,115.4505915,170.2201005,125.4981861,126.5887141,105.5585428,134.8199786,148.5981666,95.25635903,130.6177443,216.5373353,179.6328245,139.296432,173.5582695,145.2346955,162.4074491,197.6374306,186.0076935,162.3553065,157.2363909,206.9693998
2014-02-01,115.5936972,170.421502,125.3654778,126.8543841,104.998705,135.4582649,149.1408482,95.33418322,131.333906,218.3347524,180.1514571,139.5534952,173.5853059,145.5503853,163.8979385,199.5179152,187.288861,163.5330686,156.8684694,207.5661684
2014-03-01,116.4122788,171.4502898,125.1600435,127.7070166,106.3577542,136.1560141,150.1443457,96.66990793,132.5281591,220.1215433,182.3444943,141.3092337,173.5282492,145.9566863,165.2001772,200.8665248,189.7386312,164.5036718,156.1968844,209.1434016
2014-04-01,116.8002721,174.7049894,125.4830138,128.3849479,106.0738486,136.9609753,151.0092865,96.9224164,132.7693402,220.4990489,183.7998556,141.0289767,173.4214093,146.0326414,166.255537,201.1635579,190.659626,165.4247537,157.3792388,208.2702294
2014-05-01,116.4904897,174.7717252,126.4405507,128.2544863,105.7891435,137.6799152,151.7568193,96.90944495,133.3355,220.8238318,184.8140706,140.9081797,173.4886562,146.0876587,166.3661395,201.1486866,191.5923749,165.7593471,158.9561769,207.9069036
2014-06-01,116.1860456,174.0154737,126.2232641,127.8551463,104.8296275,138.3940158,152.4221543,96.4249251,134.4216357,221.4356837,185.4546157,139.8311871,174.1529585,146.2015682,166.9320338,201.3285096,192.0333501,166.4171148,159.9950893,207.5522086
2014-07-01,116.1801966,173.1455726,126.735111,127.3354001,105.1167877,138.9663313,152.911849,96.22032679,134.8580672,222.014893,186.0835716,139.3662244,174.6173919,146.2423018,167.1672408,201.3732179,191.6726214,167.0590984,160.275219,206.9538705
2014-08-01,116.5585928,173.4747634,126.8785582,127.3097082,105.3816579,140.1617429,153.9426111,96.27032141,135.2901821,222.0728226,186.9631575,139.3247165,174.7180938,146.41579,167.8259667,201.2859337,192.0907698,167.9077898,160.8506527,206.8876491
2014-09-01,117.3932635,174.158826,127.9937037,127.73118,105.8494054,141.1930864,155.0133511,96.28183485,135.957147,222.7806204,188.530734,139.5630022,174.7808181,146.6102171,168.6260328,201.6716871,193.5248655,168.7391446,161.5998366,206.9444048
2014-10-01,118.4743496,175.0238204,128.3991883,128.0814916,106.1126586,142.3578787,156.68949,96.78948741,136.4762491,224.502984,189.9565623,140.1608918,174.7863751,146.8729371,169.3069697,202.5665553,196.1410944,170.1453736,163.2710542,207.7788527
2014-11-01,119.7420396,175.9778607,128.957797,128.3551314,106.3826159,143.4156348,157.8768599,97.00780867,137.5360137,226.3393573,191.3338609,140.2319867,174.6375572,147.473147,170.9553551,204.5429672,197.6866675,170.9639683,165.1546219,207.9956574
2014-12-01,120.5924436,176.6317429,129.6467358,128.4608528,106.5288227,144.2628411,159.8094209,97.51314008,137.8628256,227.9979475,192.9447744,141.1024935,175.5848737,148.2269492,172.3267116,205.3622394,199.8702392,172.6378663,165.5340331,208.5443907
2015-01-01,120.9415007,178.230671,130.5836401,129.4446761,106.9003016,145.5864986,160.9843085,98.22925031,138.4063634,228.199537,194.4931335,142.0217915,176.1928738,148.8773874,173.8989045,207.2764056,200.2083387,173.4459866,165.8220652,208.7353225
2015-02-01,121.6153774,178.7267895,131.93692,130.378016,106.8013692,146.823971,163.6246131,99.0993773,138.887944,230.4249105,196.3548817,143.3341908,176.908919,149.5934719,175.1323397,208.1798417,205.1496626,174.7400709,166.8350048,209.4873822
2015-03-01,122.1342429,178.7165091,132.0746558,130.907396,107.1878754,148.5281014,164.5810115,100.450517,139.9649018,231.6514041,197.7885565,144.5826479,176.8586934,150.3434199,176.255876,209.5689307,208.5163773,176.1982695,168.2353368,209.779419
2015-04-01,122.1262235,177.2492893,132.2556198,130.5499862,107.2319458,148.8173141,166.0882853,101.0099162,140.8843343,233.0829767,198.8630103,144.651187,177.8477576,150.9919781,177.5523583,209.8318324,209.5870102,177.1222953,168.7026157,209.7467643
2015-05-01,122.4269776,178.4136548,132.5634891,130.165701,107.6561551,149.3239851,166.8085146,101.327187,141.9452913,234.1953916,199.3278352,144.3417097,178.2335826,151.5972861,178.4770991,210.4799424,210.2961283,177.6892352,168.9177049,209.3117036
2015-06-01,122.8690166,179.7546688,132.8168196,129.7466687,107.7981723,150.0009909,168.0342271,101.566321,142.3710072,235.0751611,199.6963785,144.4516629,178.6044547,152.3076836,179.9378377,210.2702096,210.7762895,178.4097589,168.9308582,209.7273433
2015-07-01,123.4659405,180.9349502,133.1295334,129.4421279,108.2421866,151.3792341,168.8426593,101.4382858,143.2206993,235.5732374,199.9254049,144.5392998,178.6895401,152.9936878,181.6162952,212.3323525,211.9389492,179.1921573,169.8899837,209.7938926
2015-08-01,123.7561781,181.7871012,133.2629386,128.9677142,108.0022025,153.0210559,170.7060836,101.4911959,143.4944658,236.1655079,201.1263909,144.6059244,178.7435094,153.7069999,183.7763222,213.4709319,213.1811584,180.9124281,171.1098443,210.0267186
2015-09-01,124.9229548,182.4300414,133.5558984,129.5991543,107.8770395,154.2381251,172.2422248,101.7574164,143.8270723,237.2820609,203.1012772,145.1942995,179.2142667,154.3138779,185.8705286,215.2008725,215.6318059,183.018574,172.313874,210.1615417
2015-10-01,125.7257362,183.6427914,134.2858047,130.0650824,108.111021,155.5660265,173.9384075,101.9939195,144.253187,238.6110517,204.9248732,145.957452,179.645269,155.202236,188.1312346,215.4934734,217.8395856,185.5771658,173.7178222,210.4206053
2015-11-01,126.392287,183.871499,135.5703911,130.9491232,108.7907866,156.7262527,175.2607136,103.1456976,144.7833022,240.1532456,206.6463081,146.9854462,180.317216,156.104277,190.1393571,217.2881061,219.4446289,187.9171956,174.8743165,211.2998017
2015-12-01,126.9532909,184.4284844,136.575741,131.4584475,109.3597336,157.880435,176.1679028,104.1472506,146.0073751,241.6296395,206.6025925,147.8173946,180.5508959,157.4676875,192.0423858,219.9269378,220.3938624,189.6924058,176.6530408,211.3636898
2016-01-01,127.8003616,184.5276709,136.7192276,131.7878551,109.9431538,158.7514075,177.3326967,104.8943889,146.7339142,243.4086926,207.5152287,148.4224397,180.6455623,157.7616786,194.204471,221.3147144,221.0147973,191.5647428,177.7215685,212.1790582
2016-02-01,128.7891962,185.1280842,137.2664268,132.1603785,110.2074634,159.7516169,179.133633,105.2199438,147.8351336,245.4123212,208.1642756,148.7187473,180.8764566,158.4039534,195.6735781,220.953833,223.3305681,193.0654716,179.2921292,211.6065268
2016-03-01,129.4341417,186.2368441,137.4673213,132.9842998,109.9986718,160.8798401,180.4783013,106.0141399,148.3197446,245.9154193,209.7230224,149.665717,181.5711313,158.6250657,197.6006918,221.9786229,225.3147602,194.7732227,180.2959266,211.7134885
2016-04-01,129.7041418,187.0647141,138.5022414,133.5930516,110.1507912,161.5550014,181.474927,106.1136009,149.2319475,246.3750497,211.2410973,150.9628418,182.3660688,159.1257711,199.074958,222.8164298,225.5250681,195.4638772,181.320027,212.5148285
2016-05-01,130.0937292,188.240317,139.0033397,134.0004276,110.4118873,162.8257613,182.5455263,106.299542,150.0095426,246.7810693,212.2937059,151.1706025,182.2542695,159.5789486,200.607757,223.780252,224.1865001,196.3284423,181.9244203,213.0497372
2016-06-01,130.2137662,188.2559302,139.6239461,133.8088639,110.6799109,163.6030374,183.6388856,106.6382848,150.5213905,247.5785967,213.5727264,151.5825799,182.6689703,160.1330819,202.4965934,224.067269,224.8979627,197.8761038,182.4567309,213.1653612
2016-07-01,130.3518719,188.6849445,140.1875368,133.757563,110.8453945,164.1832454,184.9646093,107.3291019,151.0014065,248.6524185,214.2526295,151.8349936,182.9657634,160.9783736,204.1227282,225.1181341,225.377603,199.3569514,183.1610755,213.0938918
2016-08-01,130.6692942,189.5029236,140.890488,132.9769725,111.1123175,165.6778635,186.076454,107.7763449,150.8333628,250.0018229,215.5958848,152.4055327,182.9417895,161.7110867,205.4331213,225.9895764,227.9891755,201.5376494,184.3990816,213.5817081
2016-09-01,131.7689888,190.4459264,141.6359368,133.9954838,110.9706939,166.8800287,187.5707778,108.4498589,151.9285652,251.4124798,216.6350659,153.2564167,183.5162783,162.4829128,206.2624799,226.9090354,228.2995287,203.5958409,185.4990117,214.2782241
2016-10-01,133.0479589,191.8467116,142.2700949,134.1440845,112.4249469,168.2258172,188.5649579,109.0415428,152.3652266,252.1469077,218.0239901,154.13749,183.7335124,163.1050964,207.7369656,228.3131851,230.2036851,205.7155445,187.3382353,215.1006695
2016-11-01,133.7955384,193.7684366,143.3661521,135.4761374,113.1088509,169.3521858,190.71026,109.97857,153.4800223,253.3444303,219.2032682,155.0096444,185.0402599,164.1143225,209.5086478,230.132894,231.2056702,207.7379288,188.8242287,215.7185151
2016-12-01,134.549895,195.7463242,144.00073,136.9428169,114.0048632,170.5040196,191.9124271,110.5820214,154.4391432,254.4989222,220.6842976,155.9687247,185.962153,164.929036,211.2360676,231.7442759,233.5430558,210.3286384,191.2379593,217.0697541
2017-01-01,134.937565,197.2878054,144.6946741,137.9303022,114.3930547,171.5715778,193.4702481,111.0036257,155.9777901,256.1347226,221.3057218,156.5265685,187.3401871,165.8002893,212.6827981,233.5865524,234.6968529,213.0443748,191.9626448,218.3935497
2017-02-01,135.5864696,198.8387118,145.3603489,138.3153716,115.3145493,173.5416522,194.3686622,111.6158588,157.0244593,257.1670914,221.8931921,157.9349499,187.771378,166.5392606,214.3575968,234.9411968,236.8809775,216.0341757,192.1294521,219.2532302
2017-03-01,136.2511661,199.909662,146.2528254,138.5135097,114.7898801,174.4606524,195.0833571,113.4239457,157.9306121,258.5238385,221.8708239,159.5008577,189.1195523,167.321813,215.4734988,235.7854068,235.9433135,218.3671895,192.2320839,219.0360885
2017-04-01,137.0051198,199.3068213,146.5501419,138.3304109,114.7316318,175.0414943,195.9216487,113.9592775,159.2541837,258.8867378,222.4804441,160.1478848,189.8991566,168.0761626,217.329048,237.1196545,236.3166699,220.3357916,193.2849534,218.7587113
2017-05-01,137.1924002,199.5000135,147.1646944,138.1656264,114.8596089,175.4750887,196.8400196,114.2237887,160.3560441,260.4370814,223.418764,159.8367002,190.0043052,168.6697215,218.1680236,238.4469947,237.7665994,222.2029252,194.8297518,218.990524
2017-06-01,137.3743659,200.1046165,147.8650257,138.0866744,114.7123068,176.2823733,197.6378367,114.8969287,161.4347469,261.3721428,224.1245542,160.4102192,189.7883559,169.4156257,218.8246988,239.9738704,239.1489215,224.1584851,195.3749805,219.3722294
2017-07-01,137.6535295,201.7513638,148.5370595,138.1964634,115.2032161,176.3261901,198.5350859,115.1886026,162.2981264,263.8929879,225.3327129,161.0571906,190.3386386,169.8835279,219.5506134,241.1647291,240.8447574,226.2971127,196.38708,219.8601236
2017-08-01,138.05216,202.8329927,149.5630695,137.7496469,116.0547821,177.7268813,199.775057,115.6523552,163.7836564,265.2190604,226.1358171,161.4416069,190.7842361,171.0034823,220.4189133,243.7812411,242.259177,228.342303,197.2388005,220.20803
2017-09-01,139.2753906,204.3809128,150.3325884,139.0849289,116.9391428,178.9905953,201.037899,116.0436489,165.6642563,267.0164946,227.3353249,161.9238275,192.9548382,172.3285827,221.4917528,245.5651871,244.8504017,230.1806951,199.0050308,220.6678363
2017-10-01,139.8530506,205.0538622,151.436304,139.4472552,117.506941,180.2472093,202.215737,116.9210315,167.8404244,268.5329607,227.6283406,162.6281984,194.329501,172.7672782,222.5847049,246.6701589,247.9839159,232.1733738,200.1417706,221.6453217
2017-11-01,140.7176629,205.6901637,151.6137444,140.1255615,117.5134879,181.2586719,204.0297189,117.5899583,169.7696641,271.1139131,228.1382245,163.4969492,195.3284018,173.2351525,224.0240371,247.2120822,252.1199455,234.460887,202.0136651,222.702914
2017-12-01,141.7222919,206.4149691,152.4787383,140.3773283,117.6318741,182.2689019,206.2145061,118.3376763,171.6175786,273.0868222,228.560106,164.3301687,196.1994391,174.0873403,225.4777366,248.8940913,255.0322976,237.270396,203.0386045,223.0525492
2018-01-01,143.5506902,207.7446399,153.2484477,141.1813521,118.3563533,183.3451649,208.1377257,119.3328833,173.0742429,275.022355,230.0844552,165.7169253,197.0527703,175.320096,227.5412201,250.7836786,258.3328835,240.2785975,204.5393698,223.3917178
2018-02-01,144.1474753,210.39345,154.5121038,141.7250788,120.1438062,184.5023682,210.4585647,120.786309,175.1447191,277.8415871,231.8370993,167.0608485,198.454792,176.9870434,228.4865858,252.5766434,260.34767,243.2489526,205.4597169,224.3622144
2018-03-01,144.4402577,210.9177795,155.0640942,142.1328299,119.8722251,184.5319025,211.5778632,122.0632299,177.3493462,279.023174,232.8225155,168.9689635,198.5860468,178.6068226,229.7764474,253.6488592,262.027917,246.4576103,206.5196751,225.3393386
2018-04-01,144.4221465,212.5661442,155.3267915,142.0952911,120.3015763,184.9632289,212.5779456,122.1524149,179.3752415,279.9989739,233.4868197,170.4280925,198.1976237,179.4433151,230.0495886,255.1294001,261.8827102,248.9243544,207.0677553,225.5056312
2018-05-01,144.9166917,213.146309,155.7264635,142.2681112,120.6273208,185.3081203,213.4795754,122.0509969,180.5275312,279.8970465,234.5743917,169.8478478,197.9923665,180.7251821,230.8277979,255.3773512,263.8764713,252.1331218,207.7211085,225.4575405
2018-06-01,145.2133373,213.8291593,156.2522986,142.2854436,120.5254642,185.5824542,214.0384681,122.1437095,182.4139532,280.7083543,235.6825501,170.3921182,197.6983056,181.666338,231.3417606,256.3162949,264.8323341,252.7100519,208.9284915,225.550765
2018-07-01,145.7135084,213.4588779,156.8268457,142.0611895,121.7679507,185.2564103,214.5322717,122.1849367,184.4816468,280.6057506,236.7091842,170.6577347,197.4032393,182.4925747,231.9171274,256.0658819,266.7674417,252.4244852,209.9262651,225.8026172
2018-08-01,146.0677707,213.9117636,157.3919997,141.6336057,122.4773865,186.2036045,215.1995407,122.6745246,186.4613051,281.5017967,237.4209491,171.2478952,197.0295325,183.0339253,232.2319602,255.5710993,267.7841486,250.2421027,211.2365885,226.3382279
2018-09-01,147.2429224,214.6418699,158.2336131,143.2664401,122.848324,186.7425973,215.8384598,123.3043693,187.9404628,281.7597409,237.6965155,171.6764633,198.6882814,184.6471383,232.7510304,255.1748574,269.1289418,249.5725809,212.3916779,226.9030889
2018-10-01,148.2118525,215.933582,158.9590943,144.0073815,123.0112971,187.3237037,216.3025659,123.7568243,189.3568568,282.9925692,238.4185057,172.2887522,200.0150617,185.9298039,233.3503396,255.5335596,267.588384,249.3570533,212.9087239,227.8503306
2018-11-01,149.2849887,217.0199585,159.8172712,144.4281021,122.8675117,188.4985732,216.7856252,124.2050258,190.2013944,282.6895679,239.3878593,172.8734194,200.9955501,187.144141,233.8583739,255.0340102,266.1130235,249.4482019,213.3964902,228.4847624
2018-12-01,149.9864996,217.0034148,160.3474883,144.3506828,122.9422917,189.4598903,217.5577388,124.5270797,191.1270974,283.1384512,240.3771228,173.4447551,201.8741746,187.7805321,234.3019374,254.4092871,263.6939699,249.3892948,213.6644528,229.0252822
2019-01-01,150.5377302,216.9807137,160.9404885,144.2550209,122.6687127,190.3200962,218.536108,125.1300837,191.30616,282.4977245,241.1625052,174.2099816,202.262362,188.3278061,234.8466451,254.0262483,262.5806916,249.9365591,214.7500337,230.1031532
2019-02-01,150.9365643,217.0226751,160.8556155,144.6954675,123.5444237,190.7532658,220.2396831,125.3888379,192.0687364,282.5244297,241.8496751,174.3758827,202.7764185,188.7277025,235.0304224,255.2322618,263.5229302,250.0132741,216.3676463,230.9771027
2019-03-01,151.1638543,218.7584303,161.1685949,144.545029,124.1268611,189.9802812,220.4832125,125.9962143,191.9634199,282.7230319,242.8066825,175.1597084,202.3035692,189.4325679,235.5878929,256.6720057,264.8948161,250.3830818,217.4260626,231.6393428
2019-04-01,151.5788325,220.6314063,161.8201699,144.7338792,124.547534,189.971005,220.7143723,126.3362487,192.1493453,283.9434263,242.810841,175.3407194,202.2735735,190.1571344,236.0019155,257.1333807,266.6159142,248.9191579,218.5543657,231.6236898
2019-05-01,151.7137386,220.7400114,162.7107568,144.4994543,125.0259698,190.133634,221.0636223,126.8367045,192.1190951,285.3146194,242.4606008,175.867865,201.7136276,191.0439972,236.3765312,258.5841581,266.5858128,249.0619597,218.4434532,231.9358714