DATE,Atlanta,Boston,Charlotte,Chicago,Cleveland,Dallas-Fort Worth,Denver,Detroit,Las Vegas,Los Angeles,Miami-Fort Lauderdale,Minneapolis-St. Paul,New York City,Phoenix,Portland,San Diego,San Francisco Bay Area,Seattle,Tampa Bay Area,Washington
2007-01-01,134.983958531863,170.576636707103,130.778761185766,168.265475336234,120.08812373253201,124.503907743459,137.596899755145,118.163902158279,231.940076015704,270.80457741489,278.943335480275,168.73169202759,212.911067430658,221.42367745100103,181.906274714381,240.15312607647098,214.623691031175,186.38407922575,229.75838698240105,241.411115729924
2007-02-01,135.605880773489,171.280331391743,131.30742565819202,169.482607012149,120.326530238267,125.21970345048099,137.40731248079598,117.881755719809,231.79969985016498,270.136815071068,279.79022837973304,169.597117667773,213.31353958638095,220.868566258778,183.062882608339,238.904759392091,214.88331673868,188.017678428638,230.43982914001202,241.80039937277095
2007-03-01,135.862807683023,171.851498570625,132.069236087202,171.278048345332,120.443729321334,125.442378846501,136.981312976874,118.591048804988,231.233357611301,268.74755008271,278.60453795125596,169.983669145855,214.250118542444,220.15089541750197,185.074648731269,236.62546946070597,215.320192444097,189.545764541348,229.577105899594,241.452533275938
2007-04-01,136.122997808036,171.65278724726699,132.871209977605,168.767682567068,119.242069508757,125.664092445255,136.55778885978398,116.675152200651,228.68848562728002,266.429317421426,276.11458113553,169.88676075691998,213.61205846835,218.161452720159,185.441005100962,234.646624604995,213.530872580286,189.95840598925,226.67631423916802,238.580281935654
2007-05-01,135.406204050985,170.934290457412,133.216772897092,167.370481079563,118.46564240896099,125.24126590448601,136.783930351423,113.97474023680599,226.01300894445203,264.244583065607,270.965281488148,167.457517648817,211.877174333634,215.575132167821,185.378188606772,232.375245428896,210.77501463022,190.52427607479,223.084834392862,235.839558357089
2007-06-01,134.892023243751,169.706784778844,133.649666125348,165.97397517458901,117.14332458830799,124.93561058143699,136.823199968274,111.474718402718,222.13599850153,261.322837871709,266.106452568165,164.821289078108,209.70824195064705,212.654074158428,184.62769242479698,229.909039841157,207.966059240196,190.38157812764703,219.44259557680698,232.44611068024
2007-07-01,134.091731391944,169.228779551937,133.6784732094,164.649853422385,116.749997011936,124.14374629372499,136.956929740023,111.070771967514,219.112102020526,258.488890950041,260.118824007103,162.852182259033,207.774924209598,209.408749002268,184.205991796979,226.670645683185,205.566826278819,190.198617161836,215.46767060651402,229.309329168116
2007-08-01,133.562784076547,167.986483614443,133.86461307765498,162.940269861263,115.78651600937599,123.996526430742,136.834515350059,109.742704885788,214.88284983511502,254.848363880969,253.965432363117,161.25024519044902,205.373375002757,206.331305344824,183.468887612006,223.587367957533,204.51667849146,189.577409283653,211.131142614654,226.418288348098
2007-09-01,133.04571770629698,168.040397559142,133.680464402521,161.40019143664802,115.459160649872,123.72939863933,136.215745481647,108.511838921747,211.05327753794398,251.299420626195,248.347026966543,159.817904085256,204.866961131702,203.068854050779,183.25428721042,219.803297938172,203.115341990717,189.14674271753103,207.49340153491798,225.91240747012
2007-10-01,132.67042772443997,167.412418763706,133.49505818694098,160.303233366712,114.619038316973,123.50073133392999,134.750014106812,106.554976247603,206.318483839973,247.00676064717098,243.02592242457803,158.514791745441,203.959278913685,198.027023787627,183.169292135,215.381254958959,199.647468449538,187.87548072779097,204.737379855623,225.43576843554402
2007-11-01,131.36278607215098,166.95731149589898,132.90843348845502,159.62693840061598,112.89779018570499,122.410999921036,133.016704074995,104.165921801348,200.74024002369495,239.234641866284,236.41529905978697,156.520717442178,203.296160757383,192.428083482933,182.584758746683,209.10889578003398,194.695478981096,186.460894404665,202.05141548794103,223.017560123208
2007-12-01,130.44213135726102,165.528086667516,133.0079189908,159.351481849821,112.300099673608,121.787798409881,131.60740895066098,102.454209403741,195.97288797439097,233.11406750051398,230.584208077738,154.50149791936002,201.719399195763,186.895006812582,182.638855237499,203.47016855243302,189.99331313815497,185.732511734524,199.533474427085,219.23714633134
2008-01-01,129.699203065859,164.752558973089,133.241935684433,157.528627209009,110.087565739968,120.57823573754601,130.93720409878,100.37848848202101,186.867554701739,226.111605863111,225.022122045582,152.050111421157,200.804878928848,181.120205461918,181.085320067164,199.93681032293202,186.633719497322,184.466083136136,195.858366273856,215.656498087584
2008-02-01,128.705728389944,163.528447094233,133.483472889597,155.969418113178,109.648977259673,120.37643402283899,130.257913443099,98.644815199818,178.606044066946,217.77187125327202,219.162305844477,149.082454718002,199.444614977521,175.055240974834,179.63895324154495,193.18811693212,178.852234415513,183.542111456704,190.778636003358,211.67349107295502
2008-03-01,127.49599589709601,162.222683902769,133.22264042916402,155.244203260609,109.440159181486,121.466358343897,130.351413458971,97.92413065274201,171.193964548123,210.58138569817,210.77644730424598,146.962389938764,198.83065170490397,169.708826091412,178.00160852964402,188.04301525134602,172.56968020410702,181.730968547994,185.19562661314603,207.68322248379798
2008-04-01,125.601901520983,160.95969030914,132.772068474566,153.931746075843,111.272304619312,121.47553102529899,130.190631185477,96.26818073943001,167.256651926702,205.10065134482102,202.90976338268501,144.63133275648002,197.155954073083,163.920656168431,177.005036780094,182.183958972515,166.735940719122,180.76160126348802,180.890840313391,203.7338292386
2008-05-01,124.627306009698,160.57683103204,132.890020562803,152.007969442681,108.971021502729,121.299409531196,130.123142766912,94.587527866951,162.13428002841005,199.43308441624401,194.51051036359902,143.41084437783002,195.841909194049,158.540174670807,175.626952751211,178.50354183556198,162.55933162428698,178.422244958569,178.067226109326,199.86560434605
2008-06-01,123.079133846549,160.547098594624,131.928830060844,149.95963397115,108.295872949626,120.739952111809,130.185374018769,93.363442139702,159.191256016003,195.133590870564,190.769089882443,141.866461411826,194.84042443296002,153.23112875926398,173.859522459612,174.35069777374,158.50135600993798,176.61026681310398,174.93491568142898,196.175392373502
2008-07-01,121.93946907680201,159.67346542266898,131.167875386959,147.545624116316,107.217626071804,120.81451716775899,130.233262189106,92.301171614632,154.27126420981898,190.676209507816,186.216804779907,140.906836676339,192.56411796770402,147.998904071079,171.73559872412702,169.86199235946302,154.105132130538,174.216632261391,173.149475164833,192.712607966555
2008-08-01,121.095584981954,159.491561325096,129.970235590768,145.939010842147,107.717161550599,120.54088797733999,129.611567187302,90.41552837384701,149.692843393835,186.649165399837,182.013900363274,138.40647743224,191.070942970513,142.987108643514,169.262066996186,165.739648926446,148.159256343706,172.532743209963,172.32145914461205,190.438477489776
2008-09-01,120.12055943200599,158.220306877477,128.908931240294,144.213205891715,107.99591303397,120.332367484998,128.750427750195,87.78410755172101,145.340586005938,181.84554782013,177.428664427164,136.417540371099,189.657556367557,138.266168698387,167.332672070458,161.892538186971,142.833831435096,170.300750225591,168.710831936744,186.83762319553
2008-10-01,118.68290897541901,157.435948098818,127.531728155857,142.34792583653498,107.553483567976,119.680533049973,127.693724327207,84.558385071052,141.12205319605,178.067355361049,172.43110251968102,132.581493101256,187.809092407299,133.39565093441,164.599575266747,157.93849826867202,137.586041952179,168.524088513584,164.019875663807,182.87188373183602
2008-11-01,116.698939804969,154.841915812449,125.876270120013,139.52615856001802,107.096917496832,118.361506914409,127.327442755902,82.516349583371,137.125957658959,174.951958789817,168.48844186219299,130.61604329770398,185.50637414652698,129.172914761576,161.710585693995,155.151833187733,134.68175787571002,165.551840302318,159.871771592491,179.55962375725605
2008-12-01,113.978163351943,153.99748478506902,123.517830485737,136.71150305908702,105.576092603989,116.575945938915,126.48684321055401,80.245165020814,131.222310168888,171.444006699203,164.268081587123,125.287433518687,183.314849675578,123.432816987664,158.643119286316,152.906529601039,130.632050654701,161.067678181841,155.75163636839,176.36282516927605
2009-01-01,111.453146329072,152.675643827945,122.566575613328,132.18326210738002,104.67071932562901,114.77073570025298,124.45535033645099,77.69056418475199,126.055072837392,167.831026377675,158.797562150657,121.446868857145,181.570807390576,117.875658248111,155.943348414062,150.17676114801202,126.65507365843901,157.161763548809,150.521671920877,174.183715740235
2009-02-01,109.401263544315,151.905553090057,121.244540321617,129.403827850422,100.596486312474,114.89859827401001,123.12723537797899,75.44497180213,121.968378268313,165.545768810169,154.759436263834,119.431898848893,179.341544670485,113.50778653862301,154.031750459639,149.151023901354,123.97319247232402,155.792608048679,147.483289365466,171.42890009398198
2009-03-01,108.070015265625,149.672095851144,120.94188060051201,127.336125981592,99.896925521351,114.793535603352,123.314722829535,73.138327049172,117.80906753111799,163.740654424321,150.429478742774,113.752404736568,176.194847431548,108.70783073087799,150.999065996046,146.576988680258,121.094394202945,152.260832934053,144.105338379969,169.886716124489
2009-04-01,107.308745308232,148.799195520478,119.56607001326799,125.86396454827299,99.661498754923,115.33123496289,123.738764236711,72.202230231789,113.463943463717,161.546024484475,147.913700200031,113.20786397025199,173.379821490745,106.13256830580299,148.862015825096,145.71366730646298,120.16879397365801,150.469477262685,142.434356412097,169.57444706615
2009-05-01,106.132823521065,149.163841617781,119.49024114552401,125.79851384843599,102.133804293459,116.114236037525,124.023297848658,71.66882250921199,110.229824183501,159.837222751218,145.672815771591,112.617553968098,172.863940951156,104.26772492700199,146.966934684351,145.389511461935,119.866475996229,148.55862273925501,140.982396444926,170.029944350483
2009-06-01,105.853896537021,150.841624811774,119.075060210949,124.51949337801399,104.753443343522,117.81734830809499,125.27513580664,69.90487637124001,107.570505614916,160.311376473272,145.945109751925,113.77491819016599,172.250378033844,104.655013729543,147.333356854988,146.468722846847,123.341934130584,147.850517767214,140.390560601266,171.766996928015
2009-07-01,107.09693257602501,151.368320571833,119.281623015088,125.92307131856,105.527461230664,118.68439416166201,126.28838853795601,69.309696883639,105.89099124557801,162.211400180168,146.344693657717,116.73778158023799,172.29310240571,105.79036466138201,147.65151327298202,148.886693033197,126.158095356463,147.120421367556,140.871263345823,173.599875274784
2009-08-01,107.918986698767,152.391970465789,118.70576739511299,126.63985230028999,104.380646333897,118.92117286473801,127.02807104142401,69.667612638818,104.955695065746,164.258544683412,147.323543127167,119.17067706441001,172.31511616432,107.051199511028,147.880257079218,151.03333750805598,129.235797410282,146.968619421892,141.4124455164,175.739440405822
2009-09-01,108.743007664102,152.802345300845,118.433250406597,128.16516290516302,103.921422475331,118.892925713712,127.28274926696899,70.600612940598,103.817414376732,165.529171870025,148.344488006602,121.083591189062,172.427663023941,108.121954226513,147.57580896264798,152.71997231462402,131.557051351947,146.631408752975,140.304099872136,177.401766706667
2009-10-01,109.16602786132499,153.144791093571,118.59235501992701,127.569476175242,103.89222453071501,119.093025808971,127.592688037736,71.404642933949,103.567104628185,166.888793141896,148.329957896863,121.613772263773,172.383251140604,109.381609115193,148.149574112188,154.225798058723,134.02703640599,147.58761600651002,139.057600215283,178.096433020332
2009-11-01,109.79309279701201,154.078955725502,118.971569782341,127.763883202931,104.529499842836,120.210295107767,127.994001470462,71.607460073855,103.558660116084,168.92014688591,148.21744850299999,122.187111259389,171.76878641234,110.888846822452,149.647079852793,155.78022401514602,136.117550556922,147.961076621906,139.02826367717898,178.58372155016002
2009-12-01,109.83723704669701,154.833973513841,118.965021332693,127.121659120336,104.373932513973,120.14028543356501,128.069908531597,72.077692851674,104.22378428891399,171.585701660822,148.140436026662,122.79420231614401,171.96685798905705,112.11946755858999,150.213573976389,157.038150655707,137.026306268877,148.572252005672,138.88165286494,179.79159395101502
2010-01-01,109.27038357767,154.976641570906,118.804633206265,126.839633070175,105.231677855338,119.617792191432,127.89451269986999,72.140652038623,104.072085714056,174.44120881453603,148.347089442259,123.851426929335,172.35897554176003,112.54251690700701,149.580394182872,159.069806511342,138.493266305082,148.047026385869,139.65823083996798,179.970916157795
2010-02-01,108.723188346921,154.728408124017,118.209753870085,126.22318599785801,104.609844886208,118.009552438514,127.728751698159,71.563544613647,104.11394587114701,174.46712934013595,148.311915460777,123.295534660352,172.444103647313,111.621928475728,146.848180860398,160.50829283900498,139.294762293546,147.458876202969,138.900707857542,180.45397553912
2010-03-01,107.021878780522,155.617191767474,116.20738174383,125.023576035629,106.70786494574699,118.31562068635799,128.344097946544,70.158979892665,103.68673105115101,173.671337670509,147.998579749109,122.061556632953,172.274179276278,111.26488698145201,146.90688512555099,162.377850871021,140.946703193139,146.987659133003,139.088416719483,179.886040921074
2010-04-01,107.613192642833,156.052192565775,116.83730637904699,124.274055662991,106.42836483268,119.212160439275,129.03178983310698,70.286924538497,103.772240486182,174.03835975156102,147.234793749412,124.50695378741399,171.95824043034,111.648768999583,148.347735240193,162.701061245655,141.727077562639,146.220741424951,138.988817914049,181.982256448963
2010-05-01,107.826518719257,156.41083967633998,116.033763575845,124.04127970166799,105.766596298165,119.407722841072,128.300690592803,69.967462208208,102.97845241879801,175.156157913067,147.303419894627,125.766326100459,172.287266507605,111.604682888439,147.862603207372,163.32151295198,141.388998820129,146.141427902885,138.785449144106,182.984045683415
2010-06-01,107.50432788604999,155.726460522243,115.75812249841199,124.01924312031299,105.394511985493,119.001643927812,127.38299453766199,70.281781535292,101.947285764352,174.796342844188,147.222786215483,125.599051699375,172.555624119162,110.748400642754,147.45345399478995,162.835164394534,140.534410995997,144.862992432932,137.694111617577,183.939917652329
2010-07-01,106.64877064673901,155.266152340279,115.13726829141301,123.13948143060101,104.739331274874,118.09457734338801,126.18541188821501,70.01132210281399,100.706146566615,174.230675351481,146.553586780632,123.65259758947599,172.830826471729,109.34488449592699,145.735827681685,162.735348320588,139.86025612825702,144.365360951188,136.050500242031,183.73965284022495
2010-08-01,105.39089048615101,154.506072113138,114.62390171259199,122.244437048435,103.88568594040301,116.835213815303,125.644971221036,69.35611521373801,100.189464594475,172.96634669270802,145.666383524747,122.16638004962401,171.85902319665905,107.543104091771,144.330122126575,161.544134516645,139.173023150102,143.22109264821,135.381000648618,182.81216670180697
2010-09-01,103.95115898305201,153.38697863733802,114.07432484283899,120.571293849982,102.02798417861,115.80243349785,125.30622128551902,68.298628029351,100.269489703766,172.78902558686005,144.21894057465,119.59360923547399,171.605938721622,106.14231881506201,142.169405858246,160.420286463612,138.884914897316,142.80172955736,134.349162690471,182.726072732337
2010-10-01,102.54259162507799,152.998659524185,113.665841542099,119.22409085630501,101.228577804584,115.481427195568,125.39863859699601,67.730143689966,99.976243265427,172.59549343388196,143.431095589846,118.535260329018,169.287718104639,104.905489833077,140.497430276204,158.836160797293,137.23640260923202,141.68672340516702,133.83951059478701,183.037920619637
2010-11-01,101.517141796348,153.063431903624,113.849176178647,118.389131953251,99.917667234074,115.252006846072,124.81312607142999,67.382906810203,100.05686103441099,172.689537135308,143.232463982528,117.30288282339701,168.778773268522,104.01486644030899,139.419177628179,159.840440694962,136.986153268388,141.142034879395,133.178278787615,183.47448449691
2010-12-01,101.399047364432,153.701542095038,113.58218078874201,118.112174492292,100.850670382749,115.97959753025499,125.074581406446,67.798591887339,99.40045825205,171.435608607612,142.87125457289196,116.840995741122,168.303490572192,102.933470692603,138.66205671818898,159.83923864485502,136.90633507028,139.93733419313,130.990200107313,184.14751763647598
2011-01-01,102.53357165676901,154.20284797608602,112.942982533136,117.78840167180599,101.06502354690599,116.279912328761,124.99064261595699,68.064891030143,99.47657585635599,171.51041260851102,141.544231712548,114.836161082034,167.18864642802401,102.2919643277,138.144331168364,159.272352437068,136.532691217573,138.464297560755,130.532336484408,184.312387711576
2011-02-01,103.810141906407,153.23528081833402,112.209634064573,117.154483849944,101.516032762394,116.44665913371,124.377945031572,68.68283419881,99.038214889923,170.950417757525,139.44879633403798,113.089726022164,166.613658854849,102.14712775137698,136.68077676081498,157.603509441129,134.740839031736,136.742943357259,130.038032802825,184.127181786515
2011-03-01,103.62454508176799,151.378277442878,110.221229057818,115.67698623959801,100.126456997003,115.021634463638,123.27748074060499,67.755666425781,98.210042473425,170.69278030508698,139.009938327606,110.151810326854,165.521782156058,101.70615412895,135.619054137751,155.824792089067,133.718053173214,135.983969821311,129.027759921751,182.038623454438
2011-04-01,103.564782365285,149.251630201476,110.948377732425,113.67168259508499,99.51509388782699,114.15257740866001,123.57792347999201,66.8682003435,97.304294231168,170.130514497132,138.85914782678,110.16400480996599,167.122951530677,101.545220885273,134.651940857778,155.551764591272,133.515332602728,136.03354140059798,127.978109437652,180.739973197362
2011-05-01,102.545555108484,151.17932493306802,111.43656716631399,113.80966833912599,98.928720022849,113.682657459766,123.77923226500401,67.178298833873,96.061452530758,169.203262339331,139.254342617045,110.865309351772,166.837785890649,100.769330197232,134.296058212272,154.771661876171,133.19367264883002,135.59980351955798,127.286740009113,180.580266355402
2011-06-01,101.947528357807,152.328043772039,112.100331348348,114.3694906035,98.768052333836,113.960920336021,124.155476297435,69.458029868244,95.690847422983,168.559892707389,139.438238786516,111.823248402078,166.285627619149,100.33137190534201,133.202998667013,154.014517673602,132.546524488895,135.325469528481,127.401558031024,180.61598374785598
2011-07-01,101.204741153141,152.159762440657,111.767782334295,114.48101192168801,99.19975830718701,114.385690352459,123.559753612864,71.256530291286,95.182023686094,167.96240740420902,139.622452184097,112.844760882371,167.040860505811,99.660799375431,133.313439906482,153.125818287214,131.929725907363,134.740365769509,127.361681120905,181.668558347826
2011-08-01,98.65689841698799,151.786829169752,111.604386234662,114.857019021889,99.09986514547,114.771610443963,123.815371598399,71.295411037062,94.342996476035,166.922148834189,139.008048747003,112.18752988608802,166.688960849689,99.337203411717,133.346601293958,152.739178170417,131.88677547933202,134.45477769509,127.441585048172,181.804091547914
2011-09-01,93.88192109840901,151.607852112907,111.629130187383,114.36206758241998,99.043004470613,114.912940748159,123.739248756374,71.810012117028,92.973783850091,165.730055238837,138.564427828223,112.166656832851,166.951665587173,99.39429338254101,134.08557449707502,151.98406177574,131.005647275573,133.543310428446,125.550848509198,182.931666268195
2011-10-01,90.68369371318501,151.60865011406202,111.274941954201,113.659115364243,98.936438285029,114.953530251005,124.379779540098,71.202891963572,91.57016444029199,164.28397383606,137.81958162547198,111.944016921117,165.138758908038,99.72801203708401,133.936413541043,151.857590669882,131.16168190054302,133.127052737457,125.789523444909,181.273338276111
2011-11-01,89.69634577547899,150.81019476439698,110.644624063379,111.74038400197901,98.91303495555799,114.48556693216999,124.729792876764,71.136868589509,91.044748518991,163.614969768648,137.171538125907,112.256734345646,164.308905598022,100.510814293101,132.996292432862,151.29616752928,129.803026974811,132.491200302328,125.215160441863,181.146062744169
2011-12-01,88.58853885125099,149.827365616263,110.22436033367201,110.809252491258,98.499031273064,114.476794024926,124.67971544408998,70.400761707191,90.74977787973101,162.80600441261,137.740043445567,112.11718229035802,162.980855600321,101.913656209765,133.444372979247,151.398223620894,129.868018311432,132.440889701842,125.61719689433399,179.793757000723
2012-01-01,87.32076325668899,149.913230966189,109.96659712295299,110.182015086609,97.319981988229,114.73927438153,125.11268394592899,70.92144013832599,90.52152618076201,162.45957981969102,139.08825711625798,112.968090360707,162.100623577059,103.62958690122,132.391025109141,150.90887785481502,128.628244964356,133.233403824507,125.62070358321199,180.07575350588505
2012-02-01,85.865330255028,149.585969360998,110.51838223152299,109.10727180982599,96.966800073941,115.202253551426,124.829714162242,71.202637656709,90.691357129602,162.118642731567,140.73823010876302,113.94340195249399,161.134327690163,105.399766325151,132.526179148581,151.450319007214,129.213554840371,132.882387594079,126.258995079727,178.565142781261
2012-03-01,85.154112806459,149.623846909847,111.284559033213,107.305501289011,97.46086123186,116.519723891716,126.10718120100401,70.802368465321,90.77338345855499,162.312559531521,142.376516969303,113.786513248704,160.561750958369,107.680228452275,131.639817965373,151.372772695578,129.295801680717,133.97462427629,127.061469758089,180.33799325812802
2012-04-01,85.716301354521,148.99356989295,112.059894483936,107.04150769901699,98.288256394755,117.10620493300101,126.829029243878,70.20031440426999,91.565549149875,163.681888117334,142.836485594753,114.181788517038,160.994437536997,109.969574428103,133.14799549004601,152.54231147042802,131.125621275335,134.468584446766,128.917234556695,182.79158185927602
2012-05-01,87.50512765689899,150.668602189508,112.3980839801,109.979589377677,99.425433427815,117.92065633535101,128.10088648902598,72.535729889304,92.85550506243999,165.541563361935,143.64317056433902,115.427443070411,161.726903874345,112.173738445889,134.748868700149,152.817014554559,133.563655968013,136.06441197215298,130.369832226455,185.44525481549198
2012-06-01,89.60799670864401,152.274856249184,113.038213385396,112.021912682435,100.00258996394,118.232283970282,129.20253244877,74.80605120741201,93.81088693256001,167.255345474173,145.307490474048,117.94853173198,162.559850161005,114.172008763051,137.036502347982,153.572208559539,136.278829792582,137.444488470764,131.672508209291,186.95322673353698
2012-07-01,91.245129467141,153.646796276806,113.78792093111099,113.104503547743,99.96292749262301,118.768547935379,130.36926170846502,76.09464638165,94.11830567382299,168.66220042438,147.03877739214198,120.293043400249,162.585615575941,116.247922007938,137.549603093405,154.482468325548,138.280280199657,138.654437056651,132.21002397903,187.70774363920899
2012-08-01,92.793646163948,154.64357470557698,114.911151376201,112.95752839921002,100.510881701579,119.17085727034299,130.95501271208,77.05743058206801,95.116305521199,170.646698273684,148.48348370919902,120.79227228108299,162.93801571564399,118.113479527484,138.191276235912,155.815469654724,139.319161688323,138.975886235671,132.950109300469,188.337689387123
2012-09-01,94.157878009585,154.630265968943,114.761478846513,112.80695706088,100.53436688013201,120.11709841936,132.280323732826,77.76104770331,96.54590324898199,172.714366296008,149.101642051441,122.177461727012,163.346003502419,119.791763669136,139.051250516249,158.473459640805,141.228516964217,140.144635598045,133.16568566082898,188.73295453882
2012-10-01,95.17276208517401,154.222775846937,115.02032516532302,112.54796469438699,100.982976263395,120.372815015951,133.152904578265,79.14476010765199,99.42490471944299,174.786721605792,149.707724105282,122.610597201255,163.108856824619,121.607142589229,141.025800036185,161.198194909075,143.27504126968398,140.9994870397,133.324604311754,188.932247606875
2012-11-01,96.54306799879801,154.280391597764,115.450912480051,113.095620645835,100.911116922597,121.18644206216999,134.614386322185,80.147699144756,100.308516202278,176.54058268757197,151.046335064048,124.550954486142,162.49135645188102,123.63818584158199,142.118257408771,163.631344971911,146.61262646674498,142.75193901298098,133.858048634342,189.28077253388
2012-12-01,97.371221563835,155.270479703278,116.27747525797199,113.644256093055,101.523900611915,121.845520863905,135.392539054974,81.322705911473,102.616518687457,179.572384826155,152.605326416136,126.05021967698299,162.697783581802,125.48963109910801,142.263357519521,165.582344062647,148.859421603167,143.637572024235,134.668519167334,190.40143882357899
2013-01-01,99.011787672999,155.99012525193,117.142673160597,114.14371817540199,101.73726865769599,122.64982034348499,136.458743600552,82.235280867483,104.465925349856,182.19537576375998,154.14760282700502,127.284750501799,162.790766474014,127.65396177262501,143.481527477837,165.6494685905,151.221516071418,144.979464447514,137.03186366571302,190.88973869538003
2013-02-01,99.87506929695299,157.305510121368,117.741175740772,114.760225736657,102.17794607619801,123.18055847302,136.980666466799,82.45335763987799,106.564154658379,184.90163479903703,155.375808092603,128.141946010047,163.77766137354098,129.549524790838,144.868107118296,166.666477702118,153.263289870277,145.16549779164498,138.68753489746402,190.64700354482704
2013-03-01,101.01594538549101,159.099244280848,119.481912907779,115.094209467987,102.66663878717199,124.12903357183399,138.022686681367,84.157369114602,109.410319688496,188.94999978586296,157.34706854763598,127.48730059135099,163.31751293865298,131.609282381641,148.157710445266,169.42587623887698,157.309043759876,147.862727373255,141.510754311728,193.65773578734
2013-04-01,103.190022467305,160.659698877636,120.49838596463002,116.60097329197599,103.253990724402,125.523694678148,139.037424557051,85.04304574790599,111.86721703265499,193.86143462233105,160.813083822085,130.146850719886,164.848934188832,133.296095091012,149.937241328754,174.676649892383,161.748572952894,149.302089963125,143.175471158974,195.463229900015
2013-05-01,104.93051586433701,161.653470319712,121.156345388086,118.819100257772,103.34152777482001,126.816541628442,140.36090366300698,87.066170196551,114.26568080260401,196.94515939625,163.696604701665,130.90340808985098,166.028387063338,135.140237408258,151.383843357215,179.020955049876,165.869746418837,151.929230153168,144.440009707844,197.056611855002
2013-06-01,106.765988875231,162.546396596578,121.792896157572,119.85750975581499,103.876562201805,127.938861755177,141.427976554107,87.780727165544,116.91063039737699,200.328040025722,166.508375358177,131.256108015589,167.072371132297,136.711245091662,153.027246961057,183.030112862468,169.44794455162202,153.447037476014,146.485517812116,197.49224517226398
2013-07-01,108.45748233494601,163.573475042251,122.20415978398998,121.94525749106,104.10381989556299,129.103642618661,143.150204988687,88.878642568039,119.805251577514,203.83384706016895,167.362014221066,131.915988351539,167.885013370357,138.30668815221,154.444406487847,186.080343324523,172.916358692267,155.90862464544,149.131635061567,199.219248921854
2013-08-01,110.29818957751301,164.818981678517,123.531219750941,123.081361910748,104.31810720230601,130.22622192752,144.53771314334,89.94289500145,122.878026923397,207.92163225729198,168.939805800956,133.511907821904,168.901593747054,140.23746163130699,156.35904517381002,189.613954038654,175.466678388803,157.416334853851,152.08727070682102,200.633134256721
2013-09-01,112.059557290884,166.520418224065,123.79057340177,124.25352925640699,105.214838108514,131.212188738489,145.69100982511802,91.507804953128,124.686354317042,210.769509851338,170.700006117466,134.979011866863,170.319498018794,142.25780946077802,157.988342662024,191.830731368339,178.19720610253898,158.981758978726,152.937479678329,202.499871416104
2013-10-01,113.325683527043,167.68203525373102,124.855464749356,125.37168452411899,105.24688563916901,132.1496036071,146.035529945602,93.067774778024,126.485833594266,213.681091022497,173.47221406977798,137.004514063062,171.39714209127501,143.738610386346,159.160764937352,193.29864033466,178.969237746278,159.883951116064,153.780415998162,203.41594711462398
2013-11-01,114.28638793359801,169.472999360405,124.86282199726801,126.01717204041599,105.80219299216299,133.234623873005,146.769740042976,94.222331771431,127.84512423655701,215.070333942026,176.065749116908,138.02753178543,172.477266287046,144.449911404126,160.159782905076,194.418392292523,180.986292028227,160.895771921495,154.891751733244,204.38907488219897
2013-12-01,114.94004053200399,170.298623068882,125.346278146748,126.75307039652901,105.007768604609,134.25358526005502,147.699297715948,95.02070218206998,128.934468101881,216.158212544477,178.002211938132,138.571037255782,172.82203755593497,144.7582723647,161.202512397317,195.57096349772,182.70442996758496,161.755192181855,155.871011224144,205.906032785615
2014-01-01,115.45059151529101,170.220100471737,125.498186109217,126.58871409095501,105.558542844778,134.81997859565,148.598166634809,95.256359025704,130.617744251123,216.537335282052,179.63282445715302,139.296432005061,173.558269488115,145.234695522064,162.407449130093,197.637430597482,186.007693479761,162.355306489014,157.23639092015,206.969399757809
2014-02-01,115.59369719056299,170.42150203697798,125.365477844676,126.854384074788,104.998705012508,135.458264943324,149.14084822408898,95.334183217403,131.33390595895202,218.334752414374,180.151457098997,139.553495171537,173.58530594403499,145.550385310459,163.897938512846,199.517915224851,187.288860970889,163.533068593969,156.86846944357902,207.566168449006
2014-03-01,116.412278782475,171.450289778757,125.16004348721901,127.70701658497102,106.35775419737101,136.156014114181,150.144345706668,96.669907933435,132.528159054805,220.12154331703601,182.34449430046504,141.30923369008002,173.52824916321603,145.956686321499,165.20017723948098,200.866524772087,189.738631238844,164.503671800594,156.19688435441003,209.14340163724603
2014-04-01,116.80027208102301,174.70498942466202,125.48301383942601,128.38494791285498,106.073848614112,136.96097530657,151.009286476958,96.922416399713,132.76934021224199,220.499048928174,183.799855616693,141.02897673889498,173.42140930984,146.032641412481,166.25553703409201,201.163557932854,190.6596260175,165.424753701414,157.379238789362,208.270229352411
2014-05-01,116.490489706992,174.771725233666,126.440550735717,128.254486326002,105.78914351677601,137.679915204396,151.75681932471,96.90944494648501,133.335500007841,220.823831839144,184.814070615607,140.90817968367202,173.488656222476,146.087658743598,166.366139534558,201.148686600277,191.59237488418705,165.759347083698,158.956176928817,207.906903552342
2014-06-01,116.186045554548,174.015473742795,126.22326413129299,127.85514629136,104.82962751333599,138.39401576014401,152.4221543168,96.42492509667801,134.421635671276,221.435683686567,185.45461574636002,139.83118713001198,174.15295853431599,146.201568238005,166.93203378491,201.32850956925705,192.033350135982,166.417114825645,159.995089252325,207.552208581888
2014-07-01,116.180196585845,173.145572579603,126.735110978757,127.33540009218201,105.11678768380699,138.966331300707,152.911849001071,96.22032679073799,134.858067225544,222.014893010192,186.08357159049703,139.3662244301,174.617391936486,146.242301843847,167.167240788589,201.37321787975498,191.672621436292,167.059098360084,160.275218950909,206.9538704616
2014-08-01,116.558592789113,173.47476338509705,126.878558223128,127.309708188872,105.381657940252,140.161742887873,153.942611079643,96.27032140586901,135.290182109557,222.07282258282,186.963157543246,139.324716536768,174.718093799944,146.415790042418,167.825966692912,201.28593367522998,192.090769807398,167.90778982550302,160.850652719709,206.88764908379798
2014-09-01,117.393263543412,174.158826018036,127.99370366093599,127.731179987565,105.849405422365,141.19308644895202,155.013351055968,96.281834847553,135.95714702714898,222.780620421046,188.530734022776,139.563002242735,174.780818122294,146.610217072273,168.626032808456,201.671687134608,193.52486552072895,168.739144582715,161.59983659237102,206.944404805401
2014-10-01,118.47434956811001,175.023820438936,128.399188348459,128.081491610677,106.112658556019,142.357878701439,156.689490016595,96.789487412054,136.476249125008,224.502984030601,189.95656234397399,140.160891776827,174.786375106738,146.87293709469802,169.30696969306,202.566555333442,196.141094400811,170.14537361158898,163.271054174312,207.77885267378798
2014-11-01,119.742039593624,175.97786074850498,128.95779699108,128.35513142269198,106.382615886688,143.41563476683902,157.876859943453,97.007808669595,137.536013681631,226.339357330148,191.333860889782,140.231986693899,174.637557154081,147.473147042693,170.955355061705,204.54296724099098,197.68666745382998,170.963968273789,165.154621883889,207.99565744984199
2014-12-01,120.592443608344,176.63174287969605,129.646735825869,128.46085277760798,106.528822734242,144.262841074068,159.809420884741,97.51314008077601,137.862825568413,227.997947543874,192.944774431684,141.102493475969,175.58487369332695,148.226949218094,172.32671158166,205.36223943082803,199.87023915022598,172.637866337289,165.534033140194,208.54439074360002
2015-01-01,120.941500711051,178.23067098043097,130.583640067731,129.444676053434,106.90030164597799,145.58649855833,160.98430849227802,98.229250307778,138.406363441663,228.19953696532502,194.493133517915,142.021791483427,176.192873766794,148.877387403185,173.898904543845,207.276405592589,200.208338659477,173.445986622292,165.822065207605,208.73532246918097
2015-02-01,121.61537741430901,178.726789470666,131.936920047434,130.37801598363998,106.80136920753401,146.823971018531,163.624613093379,99.09937729638,138.887943999866,230.424910485379,196.35488174277302,143.334190824936,176.908918963801,149.593471852932,175.132339720837,208.17984167607102,205.149662557302,174.74007093431499,166.835004826602,209.48738222709
2015-03-01,122.134242854555,178.716509070456,132.074655753018,130.907396004393,107.18787535037399,148.528101356765,164.581011500216,100.450517032867,139.964901771778,231.65140414930198,197.788556455981,144.582647929434,176.858693436511,150.343419856998,176.255876017005,209.568930711448,208.516377342806,176.19826947125,168.235336757179,209.779418997615
2015-04-01,122.126223467924,177.249289281425,132.255619777733,130.54998624929502,107.23194580041799,148.817314062439,166.08828532981002,101.00991624171499,140.884334295444,233.082976725058,198.863010292084,144.651187038984,177.84775756505599,150.991978145888,177.552358345644,209.83183241683201,209.587010235799,177.12229529346902,168.702615656921,209.746764274719
2015-05-01,122.426977601993,178.413654769832,132.563489067495,130.165701033836,107.656155137465,149.323985051059,166.808514643745,101.327187011332,141.94529127639998,234.19539162295501,199.32783522712398,144.341709715706,178.233582586636,151.59728607843098,178.47709908898895,210.479942417558,210.29612834185798,177.689235245835,168.917704948379,209.311703580961
2015-06-01,122.869016625861,179.75466882578,132.816819559799,129.746668686119,107.798172304975,150.000990892205,168.034227101158,101.566320961456,142.371007159367,235.075161056495,199.696378545205,144.451662916278,178.604454676474,152.307683613091,179.93783771888698,210.270209581329,210.776289461946,178.409758945083,168.930858151405,209.727343274458
2015-07-01,123.46594050426,180.93495024176102,133.129533386235,129.442127859257,108.24218657717199,151.379234124259,168.842659336019,101.43828583359101,143.220699341814,235.57323735984298,199.92540493319302,144.539299826082,178.689540148504,152.99368777946,181.616295246399,212.332352543268,211.938949233088,179.19215733921502,169.88998372691003,209.793892648094
2015-08-01,123.75617807160201,181.78710117075298,133.262938564401,128.96771419581302,108.00220251737,153.02105585268998,170.706083622778,101.491195888134,143.494465843449,236.16550793389095,201.126390856525,144.605924350026,178.74350940308997,153.70699985477899,183.77632216601398,213.470931929064,213.18115838651198,180.912428118751,171.109844313857,210.02671859517704
2015-09-01,124.92295481747401,182.43004142384999,133.555898437122,129.59915434591102,107.877039463493,154.238125067759,172.242224786939,101.75741635153,143.827072321475,237.282060877104,203.101277163816,145.194299475901,179.21426672978,154.313877946383,185.87052857980598,215.20087245468602,215.631805871874,183.018574043258,172.31387398772,210.16154172590697
2015-10-01,125.72573619656099,183.642791422575,134.28580470433002,130.06508240023,108.111020998713,155.566026464113,173.938407476934,101.993919511961,144.253187011415,238.611051667771,204.924873165026,145.957451959939,179.645269013321,155.202235963735,188.131234572462,215.49347341047002,217.839585648603,185.577165849262,173.71782224248,210.42060526610803
2015-11-01,126.39228703826099,183.87149899408797,135.570391145853,130.949123200766,108.79078658155399,156.726252702437,175.260713585505,103.14569760549101,144.78330216419,240.15324561471002,206.646308112448,146.985446246614,180.317216048381,156.104276965731,190.13935714689495,217.28810614025903,219.444628887015,187.91719557685502,174.874316453711,211.29980169060505
2015-12-01,126.953290878241,184.428484419705,136.575740955171,131.458447482629,109.35973363593,157.880434967285,176.167902839556,104.147250571621,146.007375069933,241.629639504661,206.60259254316398,147.817394594423,180.550895888548,157.46768752847998,192.042385790274,219.926937829561,220.393862352214,189.69240579771198,176.653040779439,211.36368980121398
2016-01-01,127.800361643762,184.527670869655,136.71922762826202,131.787855130069,109.943153834561,158.751407450765,177.332696682908,104.89438890627301,146.733914239154,243.408692587389,207.515228749858,148.422439684471,180.64556232219897,157.76167858233998,194.20447104013002,221.31471443527,221.014797336732,191.56474279404802,177.721568487399,212.179058205924
2016-02-01,128.78919620426,185.128084244842,137.266426776607,132.160378485987,110.207463412494,159.751616851054,179.133632984236,105.219943848107,147.835133646833,245.41232117146,208.164275586856,148.71874730112302,180.876456596456,158.40395335588002,195.673578106885,220.953833045318,223.33056808550398,193.06547158203801,179.292129246338,211.606526830226
2016-03-01,129.434141722249,186.23684409764,137.467321314666,132.984299777157,109.998671785634,160.879840135146,180.478301284827,106.014139861667,148.319744598699,245.91541931390202,209.723022397682,149.665717000027,181.57113133992402,158.625065657539,197.60069178263302,221.978622869481,225.31476024887297,194.773222738048,180.29592662257,211.713488545199
2016-04-01,129.704141789393,187.06471412271702,138.502241422199,133.59305157189,110.15079117263201,161.555001442231,181.474927012468,106.11360090586001,149.231947501954,246.37504965245705,211.241097312192,150.96284177175,182.36606875784,159.12577105904498,199.07495799451303,222.81642975924598,225.52506814615,195.463877165393,181.320027013707,212.514828537392
2016-05-01,130.093729200325,188.24031702958197,139.003339672778,134.000427597043,110.41188733187599,162.825761344249,182.54552626793802,106.299541998615,150.009542593573,246.78106925727903,212.29370594961102,151.170602543067,182.25426954777905,159.578948624469,200.60775698775,223.78025197754903,224.18650006558,196.32844233244998,181.92442026467,213.04973721758802
2016-06-01,130.213766162084,188.255930218037,139.623946141266,133.808863877475,110.67991092496,163.603037388143,183.63888562463,106.638284781612,150.5213904702,247.57859672889703,213.572726383014,151.582579940783,182.66897026167197,160.133081875557,202.496593370924,224.06726901149798,224.897962656711,197.876103773703,182.456730878624,213.165361245382
2016-07-01,130.351871939627,188.684944504529,140.187536839485,133.75756299719998,110.845394540338,164.183245369524,184.964609337061,107.329101870903,151.001406479336,248.652418541656,214.25262951135602,151.834993644245,182.965763431163,160.978373566007,204.12272820680698,225.11813412463403,225.377603015517,199.356951380061,183.161075538578,213.09389179415797
2016-08-01,130.669294203444,189.502923551635,140.890487979725,132.976972521219,111.112317452906,165.677863539287,186.076453952584,107.77634489095502,150.83336282638,250.00182291408,215.595884792791,152.40553273391,182.94178952408905,161.711086717391,205.433121266151,225.98957643437905,227.989175509705,201.537649360389,184.39908158971,213.581708059079
2016-09-01,131.768988821542,190.445926440894,141.635936794051,133.99548376238002,110.970693901647,166.88002867321,187.57077783244802,108.449858894362,151.928565189681,251.412479846217,216.635065917606,153.25641672876,183.516278342958,162.482912789971,206.26247988431598,226.90903535467098,228.299528739866,203.595840929059,185.499011658843,214.27822410339695
2016-10-01,133.047958897462,191.846711605407,142.270094919609,134.144084521818,112.424946904578,168.225817172644,188.564957864304,109.04154276393801,152.36522657096,252.14690774047298,218.02399007984903,154.137490020669,183.73351238040001,163.10509638200898,207.73696559914399,228.31318512329705,230.203685120597,205.715544504977,187.33823530569697,215.100669476515
2016-11-01,133.79553837358,193.76843657506802,143.36615211289498,135.476137420458,113.108850886399,169.352185785969,190.710260049436,109.978569958939,153.480022300884,253.34443025373298,219.20326824207,155.009644367542,185.040259880499,164.114322477626,209.50864779680904,230.132894021081,231.205670176733,207.737928807756,188.824228694749,215.718515102799
2016-12-01,134.54989497956302,195.74632418666096,144.00072998501003,136.942816923885,114.00486321643,170.504019586655,191.912427144812,110.58202137523001,154.439143164969,254.498922207061,220.68429760570496,155.968724683946,185.962153019591,164.929036036928,211.23606762366,231.74427590334702,233.543055789421,210.32863839741,191.237959261268,217.06975405849602
2017-01-01,134.937565006246,197.287805384787,144.694674113845,137.930302238138,114.39305466082399,171.571577834843,193.47024813055,111.003625711656,155.977790131744,256.134722613209,221.305721827566,156.52656849868998,187.340187107844,165.800289267953,212.68279809326302,233.586552386682,234.696852929603,213.04437475563,191.962644768083,218.393549748291
2017-02-01,135.586469566986,198.83871176529598,145.360348927423,138.315371649907,115.314549329739,173.54165217562098,194.36866223650398,111.61585875078801,157.02445926118,257.16709135226,221.89319211634603,157.934949866248,187.771378028108,166.539260625727,214.357596765113,234.941196812465,236.880977537838,216.03417572200502,192.12945213087104,219.253230195708
2017-03-01,136.251166141273,199.909661969086,146.252825392359,138.513509739488,114.78988012567899,174.46065238713,195.08335709591202,113.423945658848,157.930612125905,258.523838475782,221.87082387034096,159.500857692987,189.119552349721,167.321813003016,215.473498821465,235.785406770464,235.943313495121,218.367189460051,192.23208387654597,219.03608848462002
2017-04-01,137.005119774748,199.306821324058,146.55014194670798,138.330410879713,114.731631755338,175.041494262855,195.921648716932,113.95927749594699,159.254183710076,258.88673775817995,222.480444066188,160.147884789128,189.899156616597,168.076162584798,217.329047961212,237.119654463438,236.316669881791,220.33579160764998,193.284953447835,218.758711328882
2017-05-01,137.192400228853,199.500013488306,147.16469443036004,138.165626444916,114.859608919613,175.47508869585,196.840019597682,114.22378874621201,160.356044136728,260.437081350761,223.418763960886,159.836700171768,190.004305239157,168.66972145554502,218.16802357398998,238.44699470710304,237.766599418725,222.202925240463,194.829751838541,218.99052403143398
2017-06-01,137.374365941038,200.104616474561,147.865025656393,138.086674389471,114.71230679732099,176.28237328327998,197.637836685566,114.89692870882601,161.434746933829,261.37214284607,224.124554196997,160.41021924014,189.788355880885,169.41562568428,218.82469878096802,239.97387042684898,239.148921464249,224.158485118297,195.37498051270302,219.372229374713
2017-07-01,137.653529504834,201.75136382934397,148.537059526148,138.196463414309,115.203216142999,176.326190107895,198.53508586174,115.18860259212099,162.298126437036,263.892987887681,225.332712942798,161.057190632808,190.33863855156503,169.88352793419202,219.550613403792,241.16472912200905,240.844757439234,226.297112731559,196.387079971095,219.86012362455003
2017-08-01,138.05216004823401,202.832992735558,149.56306954446995,137.749646937091,116.054782104017,177.72688126656502,199.775057008461,115.652355185344,163.78365639933997,265.219060432145,226.135817102771,161.441606886413,190.78423606385,171.003482347638,220.41891328744703,243.78124113237004,242.259176989794,228.34230299413503,197.23880046009498,220.208030028521
2017-09-01,139.275390595379,204.38091284795,150.332588443416,139.084928863334,116.939142794607,178.99059529562803,201.037898950837,116.043648948638,165.664256293352,267.016494649871,227.335324910792,161.923827454835,192.954838153205,172.328582655502,221.491752759876,245.56518714557097,244.850401730146,230.18069512335603,199.005030755047,220.667836335328
2017-10-01,139.853050562821,205.053862167276,151.43630401076,139.447255173582,117.50694100583799,180.247209304384,202.21573698819,116.92103149478599,167.840424442799,268.53296073412497,227.62834059928002,162.628198388628,194.329501049488,172.767278204884,222.584704936049,246.67015890528901,247.983915941728,232.173373841427,200.141770644856,221.645321738952
2017-11-01,140.717662890487,205.69016373052295,151.613744414787,140.125561454398,117.51348788542299,181.258671941661,204.029718872029,117.589958274019,169.769664068515,271.113913126325,228.138224527975,163.496949186553,195.32840183824902,173.235152471351,224.02403711431,247.212082182156,252.119945502365,234.460886962384,202.013665092818,222.702914027625
2017-12-01,141.72229185725402,206.414969088564,152.478738280873,140.37732833969602,117.63187408172199,182.268901852413,206.214506050355,118.33767630255699,171.617578597892,273.086822249672,228.560105958585,164.330168691007,196.199439075069,174.087340337453,225.477736557089,248.894091299315,255.03229760598,237.27039599515203,203.038604498854,223.052549175681
2018-01-01,143.550690246377,207.74463992475398,153.248447734487,141.181352052627,118.356353305611,183.34516491285999,208.13772573851003,119.332883345063,173.07424294773497,275.02235501509,230.084455196592,165.71692527702,197.05277030884102,175.320096044618,227.541220094238,250.783678634572,258.332883519708,240.27859745064202,204.53936980510102,223.39171783787398
2018-02-01,144.147475312937,210.39345000641103,154.512103808683,141.72507880225,120.143806243087,184.502368176675,210.458564656297,120.786308971117,175.144719105905,277.841587104259,231.83709928161,167.060848465646,198.454791994918,176.987043415302,228.486585848708,252.57664342452003,260.347669957966,243.248952593306,205.459716872834,224.36221436344897
2018-03-01,144.440257682106,210.91777949348202,155.06409417059402,142.132829949257,119.872225133631,184.531902488797,211.577863248569,122.06322987353201,177.34934621292598,279.023173951415,232.822515479455,168.968963502342,198.58604681258495,178.606822630278,229.776447390326,253.64885915484,262.02791696448,246.457610348475,206.519675050285,225.339338592991
2018-04-01,144.422146494159,212.566144165456,155.326791523902,142.09529112807,120.30157626590099,184.96322890652198,212.577945615127,122.152414938561,179.375241483373,279.998973945965,233.48681971795799,170.428092473794,198.197623724533,179.44331509767,230.04958864058602,255.129400149342,261.882710228104,248.92435438482997,207.067755337295,225.50563120067198
2018-05-01,144.916691701319,213.146309031732,155.726463535347,142.268111184324,120.627320798912,185.30812029485,213.47957540536098,122.050996917768,180.52753122449403,279.897046519781,234.57439168775397,169.84784777478,197.992366493697,180.725182107575,230.82779792482899,255.37735120695496,263.876471267845,252.133121776105,207.721108461188,225.45754051621398
2018-06-01,145.21333725903298,213.82915928354697,156.252298632859,142.285443568684,120.52546422853399,185.582454226982,214.038468144536,122.14370951686001,182.413953155126,280.708354269709,235.682550052688,170.39211819351002,197.69830557553504,181.66633800298803,231.34176058487702,256.316294860015,264.832334083427,252.710051860251,208.928491490084,225.550765008368
2018-07-01,145.713508426427,213.45887790824798,156.826845683178,142.061189473882,121.76795072141,185.256410267037,214.532271741521,122.184936659595,184.481646760023,280.60575057022703,236.709184210789,170.65773473419398,197.40323927784402,182.49257472981702,231.917127385244,256.065881890068,266.767441738289,252.424485156948,209.92626510731498,225.80261719543705
2018-08-01,146.067770674746,213.9117635748,157.391999704339,141.633605660797,122.47738646662201,186.20360450739702,215.199540708905,122.674524580018,186.461305105827,281.501796674297,237.420949115751,171.24789524156,197.02953251291402,183.033925317626,232.231960194878,255.571099325488,267.784148616855,250.242102742644,211.23658846037603,226.338227883689
2018-09-01,147.242922354736,214.641869880392,158.2336131228,143.266440085953,122.848323951387,186.74259731710097,215.838459833185,123.30436928953999,187.940462828701,281.759740938827,237.69651548982296,171.676463251096,198.688281377318,184.64713828074102,232.751030370009,255.174857429362,269.128941798592,249.572580949306,212.391677924137,226.90308889985096
2018-10-01,148.21185245066602,215.93358202099998,158.959094272042,144.007381464882,123.01129711613702,187.32370368751302,216.302565909034,123.75682427805401,189.35685679485698,282.992569225545,238.4185056981,172.288752224291,200.015061745756,185.92980388293302,233.35033956746798,255.533559647311,267.588383986004,249.357053343895,212.908723862843,227.850330576123
2018-11-01,149.284988687082,217.01995850087602,159.817271216468,144.428102055385,122.867511689207,188.498573220803,216.785625180625,124.20502583635599,190.201394446893,282.68956794777404,239.387859323933,172.87341941378503,200.995550072146,187.144141012143,233.858373877375,255.034010181241,266.113023490221,249.44820193449797,213.396490187859,228.484762422758
2018-12-01,149.986499582439,217.003414808635,160.34748827938,144.350682783298,122.942291736712,189.459890323368,217.55773878374802,124.52707973996901,191.127097440443,283.138451242716,240.37712277031397,173.444755091893,201.87417457326302,187.78053210305302,234.301937411377,254.409287067991,263.693969893926,249.38929476720298,213.66445281472699,229.025282194384
2019-01-01,150.53773016183,216.98071372879696,160.94048847122,144.25502091257601,122.668712681613,190.32009623109698,218.536107997243,125.130083707709,191.30616002374802,282.497724539713,241.162505162701,174.20998159232101,202.26236198147097,188.32780608786598,234.846645123946,254.026248290945,262.580691591713,249.93655910701,214.75003370253103,230.103153223736
2019-02-01,150.936564277335,217.022675076807,160.855615495405,144.695467483532,123.54442368371201,190.753265778982,220.23968312707402,125.38883790697399,192.06873636098496,282.524429704756,241.849675129211,174.37588271709402,202.776418530068,188.72770252572,235.03042243579202,255.232261828411,263.522930239687,250.013274086963,216.367646310608,230.97710269394298
2019-03-01,151.16385431062798,218.758430289427,161.168594892307,144.545029032964,124.12686110636601,189.980281161502,220.483212548698,125.996214266444,191.963419885118,282.723031863814,242.806682466203,175.15970840095298,202.30356923295798,189.432567885779,235.58789286196802,256.67200572880904,264.894816109987,250.383081830084,217.42606261450402,231.639342792562
2019-04-01,151.578832504464,220.631406266241,161.820169878396,144.733879204438,124.54753395739799,189.97100503782502,220.714372314003,126.33624865823799,192.14934527108002,283.943426301915,242.81084102475103,175.340719373899,202.273573525144,190.15713437238202,236.001915452853,257.13338074827203,266.615914169954,248.919157913004,218.55436572812096,231.62368978947399
2019-05-01,151.713738558707,220.740011412509,162.7107568083,144.499454260163,125.025969764183,190.13363396830502,221.06362232701198,126.836704460278,192.11909505755798,285.314619387032,242.460600843596,175.86786498153702,201.713627585378,191.04399724353001,236.37653119621,258.584158060752,266.585812848894,249.061959657695,218.44345324569198,231.935871394053
