DATE,ATXRSA,BOXRSA,CRXRSA,CHXRSA,CEXRSA,DAXRSA,DNXRSA,DEXRSA,LVXRSA,LXXRSA
1987-01-01,.,70.26697309697501,63.559023877681,54.206478764312,54.057392600483,.,50.348016973033,.,66.418965974072,59.426224372887
1987-02-01,.,70.64067797599,64.028844128282,55.227274135327995,54.2292182731,.,50.160468135396,.,67.574198332085,59.894860887982
1987-03-01,.,71.046773504036,64.105242405267,54.811034097687,54.365756208393,.,50.383477855699,.,67.85013170562199,60.401073202107
1987-04-01,.,71.411571430549,64.89298972198002,54.801947384645004,54.155370171169004,.,50.744627537594994,.,68.18606420035499,61.324333701667996
1987-05-01,.,71.882710791649,65.222789551742,55.477466174027995,54.726191983705995,.,50.763537884962,.,67.927091163572,62.030914554603996
1987-06-01,.,72.295931836365,65.561362382946,56.059766704256,54.881062613198004,.,50.432334947244996,.,66.799394459721,62.776563627558005
1987-07-01,.,72.620964407763,65.722753494782,57.109366529393995,55.28789154890001,.,50.203942887787,.,65.762941096309,63.456109467962996
1987-08-01,.,73.162915823632,65.872997079377,57.612209398831,55.444476158985005,.,50.121221578409994,.,65.03197678919099,64.130622681704
1987-09-01,.,73.74881284876099,66.272558438152,58.270367998261,55.842105673218,.,50.058281241182,.,65.276941395734,64.893627017966
1987-10-01,.,74.006600741264,66.592512063632,59.006378880118,56.128175608537,.,50.146078705334,.,65.511715904132,65.771604204534
1987-11-01,.,74.418068197246,67.119647352524,59.71248845492,56.463281287821,.,49.733600569423,.,66.530241983856,66.712553785063
1987-12-01,.,74.57960221384499,67.377294229592,61.075387998962,56.606545660658,.,49.854955487805995,.,66.491946790415,67.777701225837
1988-01-01,.,74.661236504518,67.784432773227,61.97243657944,56.991128413439,.,49.55073718613401,.,66.696703025191,68.776913486226
1988-02-01,.,74.589350170405,67.533864884955,63.446484922669,57.223539310232,.,49.494751812424,.,66.427375529729,69.710973249793
1988-03-01,.,74.477838641761,67.957790714646,64.508605749029,57.903413113430005,.,49.061297081922,.,66.76148149774001,70.69917921330901
1988-04-01,.,74.52675221371899,67.931062524165,65.151433283635,58.067946140080004,.,48.739809653865,.,67.43481473248299,71.484283242549
1988-05-01,.,74.812447841249,67.98667602852801,65.571985529543,58.262454922059,.,48.34998173970801,.,67.583410875068,72.477087842475
1988-06-01,.,75.003557596965,68.127414539781,66.46400791267399,58.963494010891,.,48.172998088543,.,67.527624383553,74.385978746685
1988-07-01,.,75.031897232132,68.56661733893401,66.551697212951,59.215232648831,.,48.224771559024,.,67.651741711631,76.921119784362
1988-08-01,.,74.841146976079,69.415517158827,67.751500225488,59.627027286601,.,48.248068086842004,.,67.946989082143,78.668049203959
1988-09-01,.,74.710395286432,69.711478789128,68.02481881463899,59.889827731812,.,48.213180156361,.,68.462385333928,80.60749305120301
1988-10-01,.,74.600365035231,69.89298087388,69.034958960806,60.335037750006,.,48.033036882670004,.,68.461015614164,82.38093389714001
1988-11-01,.,74.638646200691,69.636582280974,68.646142613058,60.727019355342996,.,47.748891408483,.,68.138213766691,84.412820454304
1988-12-01,.,74.695278149115,69.850485538363,68.51149958317299,61.307536475980996,.,47.435571182593,.,67.827773574614,85.81818736093899
1989-01-01,.,74.519854100308,69.9151986475,68.329908988505,61.998069541308006,.,47.46956845569,.,68.782847588068,87.47324975201799
1989-02-01,.,75.167315117021,70.330339054823,69.008791673666,62.071404184237004,.,47.452369289031,.,69.643675349619,88.773031689686
1989-03-01,.,75.554839658378,70.6182264733,70.07448940017,62.172710682527,.,47.529437497848996,.,70.479598235808,91.14747188514299
1989-04-01,.,75.39413751342201,70.88317911438699,70.654160787311,61.973559097915,.,47.465422175972,.,69.997251679935,93.012292432264
1989-05-01,.,75.04304898479,71.216912304056,70.505418547232,62.639487929602005,.,47.596805997338,.,69.788148150651,94.569356609117
1989-06-01,.,74.515993895516,71.48356220803299,70.521771318217,62.829718793840996,.,47.60539016430101,.,71.554146624086,95.51346467659401
1989-07-01,.,74.181272975064,71.661700389324,70.328441523671,63.26780371648001,.,47.503181907146995,.,71.771789477372,96.252043336757
1989-08-01,.,73.435156330382,71.61175970443401,70.373904706837,63.879235044553006,.,47.48224928859901,.,72.390032034922,96.66238933171302
1989-09-01,.,73.010419195563,71.67650651191201,70.179456740637,64.306927034876,.,47.600660197090995,.,72.78963911121801,97.199709123017
1989-10-01,.,72.71688525957501,71.820151993072,70.06139616474499,64.718257735253,.,47.896674288044004,.,73.461649940195,97.879710708064
1989-11-01,.,72.991134302595,72.28844121398001,69.870097308303,64.574369761617,.,48.109732188971996,.,74.263729119864,98.99646192280501
1989-12-01,.,73.000867108029,72.579424194569,69.679116566779,65.20104573489,.,48.213369924983,.,74.861579716074,99.770236337545
1990-01-01,.,73.096791055138,72.835643680646,69.355887352758,65.36957529908399,.,48.239664413022005,.,75.558653223392,100.47119254208401
1990-02-01,.,72.873304404931,73.00979936819,68.700554103694,65.982767762148,.,48.363972992046,.,75.636734400693,100.761571664179
1990-03-01,.,72.192550651226,73.155461751204,68.904077172591,66.299339359095,.,48.495972483427,.,76.598430347795,100.99283785871201
1990-04-01,.,71.646704569175,73.45782951705999,69.475721318635,66.922345440637,.,48.520754773326,.,77.265390556896,100.990409690348
1990-05-01,.,70.693405255139,73.600650224863,69.995388098706,67.06032963463299,.,48.469482739764004,.,77.85265409289501,100.394583324956
1990-06-01,.,69.99001571505,74.038603535038,70.250853448,67.61059169616999,.,48.579998664593,.,78.72967092421699,100.111046094827
1990-07-01,.,69.355063544342,73.917057288345,70.662210322414,67.923823535652,.,48.655078272642,.,79.645367003111,99.50556921725
1990-08-01,.,68.904851733195,73.993172306752,70.57985411821001,68.244551751773,.,48.673423097832,.,80.57561184454501,99.046182758374
1990-09-01,.,68.604140318915,73.891802750024,70.944463269165,68.379684208738,.,48.757104014734004,.,81.003717906465,98.42543958883002
1990-10-01,.,68.084325546425,73.915977990344,70.717546308451,68.474872817711,.,48.665677831405,.,81.548638161054,98.001446077748
1990-11-01,.,67.123137622017,73.496427844826,70.963493106575,68.676441884706,.,48.753452315321,.,81.376191385483,97.11387197536502
1990-12-01,.,66.191689955617,73.511627840161,70.751327708631,68.78719781231399,.,48.733883278313996,.,81.701491776395,96.548149711961
1991-01-01,69.619461512979,65.310446035637,73.43193697329001,70.83917886986,68.811604254143,.,48.939665414922,58.420805575980005,81.093951831795,95.569014522668
1991-02-01,69.469662049709,64.75096488052701,73.346237251827,71.098314117877,68.805708829227,.,48.981098239316,58.132122797438,82.056023621869,94.704202772726
1991-03-01,69.32466163420901,64.450874857501,72.958871836833,70.944704744192,69.057800695674,.,49.059648074161,58.153972290979006,82.154052786428,93.772605852126
1991-04-01,69.718664344301,64.033080564763,73.184781541669,71.235726544847,69.49886700748901,.,49.305171163073,58.215093505422004,82.238534108202,93.74172769923901
1991-05-01,69.796970257295,64.08566826264399,73.365630515313,71.395643970048,69.893868778018,.,49.551076528459994,58.513590132415,82.348767170296,93.909246938354
1991-06-01,70.05309180848,64.06278068033801,73.42663995201,71.318992408205,70.181905418756,.,49.894683086387,58.805506810130005,82.26514289142399,94.06281230575199
1991-07-01,69.914548730771,64.012165294135,73.368941688685,71.58321690717301,70.552046566725,.,50.329776025559,59.04030804543,83.34238723468701,94.284567572328
1991-08-01,70.08814069657,64.096247252924,73.234688690675,71.791678935147,70.64702008333299,.,50.509570258442004,59.194733380454,83.639620251366,94.258301890952
1991-09-01,70.040121764585,64.136217546037,73.19655942287599,71.966358151603,70.97014398116299,.,50.654485411479996,59.291017423580996,84.860308473345,94.09221156098499
1991-10-01,70.142007410321,64.106586996393,73.411410213475,72.18106631449001,71.07044280951,.,50.827988203591005,59.540291451383,82.98717241883399,93.87506098237301
1991-11-01,70.120244516018,63.863101419866,73.676829947043,72.37210923155,71.220480382458,.,51.043581485135,59.629448241187,81.583821348016,93.47021989474399
1991-12-01,70.009107122029,63.80667687438001,73.83335427526,73.013735091814,71.24782959549201,.,51.324706423134,59.756322425949,82.826974527514,93.13647827616998
1992-01-01,70.067844194072,63.559357249924,73.667838859354,73.42500636658,71.69424620083801,.,51.522702472004006,59.74894726612099,83.04179553555299,92.786925645957
1992-02-01,70.172736925566,63.560265390998,73.655926358139,73.718317035757,72.061059907484,.,52.283453044951,59.844269900895995,83.499209585777,92.571237399172
1992-03-01,70.226180072369,63.811482784665,73.510945515666,73.891724711456,72.63588239211501,.,53.066809672454006,60.076546336119,83.117561687611,91.91146509498199
1992-04-01,70.218267435182,64.400793494783,73.549031063644,73.225758262342,72.550259656966,.,53.576005653267,60.532636967719,83.007116285885,91.44047124401699
1992-05-01,70.389572564431,64.35109030537501,73.553826955106,73.419645392338,72.639460811356,.,53.798917034754,60.777587462650004,83.211338184888,90.868290451448
1992-06-01,70.499924762586,64.147331444042,73.543958935596,74.131482304112,72.770829846327,.,53.947765820594995,60.836953400884,83.13142393756,90.166354772598
1992-07-01,71.079205221132,63.9402888659,73.87394643646999,74.900438996278,72.856889911593,.,54.137494689616005,60.895727017281,82.76651079866201,89.488158894254
1992-08-01,71.135226151902,63.966683788058006,74.05320635254,74.978006341054,73.172473853313,.,54.393270644796,61.05467745856,82.399312831067,88.92816369759399
1992-09-01,71.289586684551,63.904673928491,74.416616054133,75.234983548902,73.45824575551501,.,54.71596383076199,61.254502233904,82.472705897541,88.319178959432
1992-10-01,71.02813244204,64.03007272510101,74.25450597211899,75.545505439158,73.794706343443,.,54.81660362231,61.244375303718,82.95915078750801,87.35747384071699
1992-11-01,71.362146102499,64.033289634623,74.335668698517,75.91074367376,74.079895056044,.,55.242603244563,61.271618349266994,83.307226340128,86.64298371157899
1992-12-01,71.431787886088,64.468249445287,74.472075534718,75.848620240961,74.382512822088,.,55.599695773984,61.422945115025996,82.892905506395,85.815592878239
1993-01-01,71.53423030243499,64.861494848382,74.665757627381,76.011974265424,74.79170661928,.,56.12703474653001,61.564205465860994,82.564648199372,85.246295188481
1993-02-01,71.532937347795,64.949814241934,74.815467896447,76.008640130315,74.800411052403,.,56.432683580749,61.680515614023,83.008771390112,84.660704673095
1993-03-01,71.747532025143,64.823541633714,74.78575896604201,76.215453658696,74.945864516101,.,56.953786943211,61.696940206330005,83.201027633668,83.616114768185
1993-04-01,72.22512906629599,64.70848633071,74.728585490201,76.324601271516,75.00395045360601,.,57.14727715026999,61.932130620173,82.79883295041999,82.792060941264
1993-05-01,72.625996078063,64.834818356314,74.732359049095,76.692507039793,75.382386810271,.,57.565075957420994,62.246200696805,81.961209842704,82.04289904325
1993-06-01,72.831974347955,65.145055508989,75.068994224181,77.29323672645,75.652345683064,.,58.17987659725701,62.674786245907,81.91955988556799,81.428180874951
1993-07-01,73.123039294853,65.51829114956101,75.287923302822,77.548808388688,75.985698123517,.,58.809817471977,62.960126189787,81.992969483601,80.566796072519
1993-08-01,73.26739215795901,65.732347732427,75.357966383223,77.627673985182,76.11283954253601,.,59.533913229919,63.229618513239004,82.39791471047499,79.482712739539
1993-09-01,73.58499685317899,65.84808935510199,75.424415125061,77.812339234674,76.577347210352,.,60.141203069697,63.397897094869,82.876776594563,79.045258619078
1993-10-01,73.774337824814,65.884428874599,75.72133407192601,78.11228430785,76.993522986286,.,60.842266070386,63.770559628846996,83.14229148714699,78.382411944599
1993-11-01,73.99421012703701,66.22363686252,76.317746634953,78.426133588827,77.646398001609,.,61.429606784762,64.176451529005,83.740228718887,78.230524044684
1993-12-01,74.367248502118,66.51702563836899,76.858714888532,79.106541723627,78.264447858216,.,62.243346655166995,64.386750570869,83.796499229703,77.572213624346
1994-01-01,74.76445482562299,66.818000357699,77.138046984804,80.194479457183,78.783803625214,.,62.819176537016,64.526662506828,83.972790079242,77.39505180624501
1994-02-01,75.355729364748,67.067877463552,77.292148617981,80.170725614419,79.031383619453,.,63.479289506421004,64.66029521888001,83.755346377543,77.444378592732
1994-03-01,75.46923582327,67.468920182529,77.446681029295,80.079418851656,79.136290627818,.,63.940028139694995,65.083993103275,84.077168279727,77.262651278662
1994-04-01,75.516196587248,68.026223076614,77.676635255228,80.20488903600099,79.158878976561,.,64.54882880338,65.256244665396,84.400487798782,77.08542366990599
1994-05-01,75.776029238112,67.930910461277,77.87301646053001,80.56874539076199,79.519363042007,.,65.0463036571,65.61998711086099,85.440746566,76.66513194736
1994-06-01,76.052525659329,68.127174980319,78.196755701987,80.615509703421,79.719935573379,.,65.60516507539799,65.958582512419,85.927488802309,76.43503396513799
1994-07-01,76.396849527505,68.16303369186599,78.616485682418,80.65972953226401,79.905485756955,.,65.962319398056,66.375290050724,86.29418120911501,76.409828610254
1994-08-01,76.584670056265,68.28706101476,79.139031255854,80.910095881897,80.149728434703,.,66.298226898868,66.729461923229,86.069530981716,76.409722543535
1994-09-01,76.68803395510601,68.441925348993,79.598558904668,81.175846618788,80.31392078145001,.,66.515389975441,67.035788968157,86.17494036611001,76.434335694615
1994-10-01,77.125522417787,68.655918199441,79.793760491882,81.617259090999,80.667067950431,.,66.855540470587,67.319372724999,86.278892085556,76.547244749682
1994-11-01,77.566048790549,68.791136357826,79.889047992605,81.715648139772,81.117094309705,.,67.183663784234,67.497472593325,86.542565864207,76.46888715348601
1994-12-01,78.04133865543601,68.780349611091,80.232072511786,81.86094583189,81.35042894873,.,67.57483107264599,67.938323772663,87.22370561221001,76.394235646967
1995-01-01,78.231603212843,68.793549687025,80.68247066868301,81.883233693994,81.596208964379,.,67.954910875334,68.973288693542,87.31728176164101,76.37638922755299
1995-02-01,78.541163787605,69.012339427985,81.224698641742,82.154192483429,81.599874772207,.,68.310420575329,70.825484838618,87.592085904891,76.022727005189
1995-03-01,78.584716426807,69.125581351801,81.252854727056,82.28154816101,81.843970365893,.,68.60078887848,70.73898433689999,87.740115910567,75.775651591684
1995-04-01,78.60785153161,68.981090052508,81.593613446082,82.346761257195,82.21888783064999,.,68.734581862471,70.189054563149,88.26537889181499,75.356665490097
1995-05-01,78.575218847926,69.093520151845,81.824126726402,82.316163883996,82.491087879612,.,69.155565895142,70.27200390453599,88.146181165801,75.117776591205
1995-06-01,78.626826499411,69.389104768438,82.383257399664,82.51724796864,83.23844752330301,.,69.37444035790399,70.560580457893,88.02933659157,74.555465987142
1995-07-01,78.930835539288,69.696546824436,82.894871813953,82.846516382289,83.135831217054,.,69.8182986591,70.907044256579,87.917086622185,74.500037178397
1995-08-01,79.32291510370999,70.025862838154,83.43383715850601,83.109243623309,83.663619398294,.,70.16310580548999,71.367546335025,88.329628516338,74.280367803397
1995-09-01,79.67628284432901,70.12427896668001,84.077988000719,83.428629913954,83.872576103875,.,70.699941178407,71.937529279431,88.64819121505501,74.19116631343199
1995-10-01,79.984545382367,70.14245180304499,84.501019333358,83.512437888096,84.336908660715,.,71.059297037639,72.39241392591501,88.917601755613,74.087425526023
1995-11-01,80.167626660666,70.112224122976,84.902955085131,83.875639084942,84.441729254869,.,71.356712129475,72.89168385673601,89.008100306378,74.029067507566
1995-12-01,80.47303573425,70.26605753175201,85.281475220866,83.959509579282,84.62430573606301,.,71.635577468779,73.205573437663,89.127690020096,73.936945892067
1996-01-01,80.8008987996,70.68080927958,85.558965048633,84.258774016548,84.611192091097,.,71.736477183936,73.58233854936499,89.186293336334,73.919989181119
1996-02-01,81.275726084254,70.95717036850701,86.074949483461,83.917424085847,85.048652669815,.,71.963807224044,74.150437486651,89.496790147041,73.843781168786
1996-03-01,81.383540297693,71.393139611943,87.284722300098,84.017461216326,85.611472155477,.,72.336219468786,74.70568815008001,89.440042187733,73.855403245367
1996-04-01,81.66443049698,71.65658077283001,87.98599448558399,84.82817789162699,86.237495024095,.,72.89679212340201,75.408583153934,89.773063203297,73.857371815361
1996-05-01,81.82275682226,71.819217925776,88.59540824524599,85.056659801097,86.380412942868,.,73.329597761172,75.965354805079,89.82053398919399,73.995482394845
1996-06-01,82.073952435259,72.083989089009,88.37796612485201,85.21057602646201,86.613553304569,.,73.335057260906,76.509402379199,90.21653007909401,74.154395779429
1996-07-01,82.088891615907,72.43676851159199,88.184309204827,85.175260310605,86.999785368655,.,73.527292174493,77.035771474985,90.21814691446698,74.113198639199
1996-08-01,82.406590227276,72.932056626323,88.27565847256201,85.30970788453901,87.266832650846,.,73.543707235095,77.59483825571,90.10665314499799,74.048387342144
1996-09-01,82.736363715693,73.017873459487,88.22352365091,85.538534668533,87.48272667677799,.,73.89553922937701,78.020511584018,89.81414895766399,73.999472148083
1996-10-01,83.040015121842,73.32434794779999,88.464972774323,85.812225672469,87.617266354969,.,74.25580029529199,78.584696361559,89.66398018372499,74.180130770384
1996-11-01,83.324704973132,73.475798514762,88.92042901003799,86.11984627950301,87.72430998907801,.,74.74007963215901,78.956569115529,89.480246379235,74.418172716123
1996-12-01,83.424442199295,74.196280036176,89.274452227263,86.45211961622101,87.960116072745,.,75.187378516341,79.170553860699,90.14215499471099,74.515553655541
1997-01-01,83.701866383311,74.60848785730501,89.726637543097,86.519564926963,87.679938963941,.,75.389773737671,79.34764190981,90.781719369079,74.536883603593
1997-02-01,83.87020084262,74.905668234385,89.886168164207,86.52969407008699,88.476396733386,.,75.75876647638,79.236396892593,91.630627919495,74.402407250475
1997-03-01,84.09230752231,75.353968500004,90.42428424016701,86.829768475184,88.916980113366,.,76.17491441437299,80.24743574962,91.910166229497,74.79060445977
1997-04-01,84.51563113577501,75.7255130242,90.374350969956,86.924975320115,88.826301022477,.,76.585227398714,80.97467043717201,91.626513324657,75.272691794366
1997-05-01,84.960142754986,76.132557650514,90.551782071083,86.88887255257099,89.002943537754,.,76.944191475666,81.72797698204799,91.50306568399701,75.764761942701
1997-06-01,85.131203313958,76.49466284809,90.656648616619,86.889530998526,88.817070703963,.,77.345865561747,82.220285714384,91.722524050921,76.192814683194
1997-07-01,85.354779053377,76.753209375784,91.14116148489599,87.22231931524401,89.465983755106,.,77.803525789382,82.519007716248,92.076639230534,76.542699759442
1997-08-01,85.551659871973,77.074229869061,91.415171061931,87.563790744857,89.39832898555001,.,78.30869332637499,82.836884622773,92.48585535134899,77.164439522972
1997-09-01,86.08668139837098,77.442385053457,91.914632067453,87.96700228454701,89.97358529638001,.,78.44266961892,83.480352003428,92.58626547507099,77.55531434753199
1997-10-01,86.43462937154301,78.00217569254501,92.36394012650699,88.325284598545,89.702324985305,.,78.821106543817,83.998812051075,92.88707236809601,78.23305835234
1997-11-01,86.89557411920099,78.618920624537,92.559182809204,88.92104238291701,90.432045413099,.,79.33308536221999,84.502890261561,92.898326681949,78.891309854111
1997-12-01,87.19445760376999,79.284755234461,92.637149014534,89.37863656761401,90.671342396302,.,80.044822928293,84.75410870296601,93.20487636780899,79.907611831899
1998-01-01,87.626591383997,79.899480462952,92.678164910939,90.187410665526,91.25473894857201,.,80.653781433608,85.183613460467,93.241943220823,81.035037080875
1998-02-01,87.988288296157,80.574024703774,92.946162781356,90.543431110373,91.619273188668,.,81.008931753781,85.743228396875,93.589781807922,82.191811691474
1998-03-01,88.563377400485,81.17811370139499,92.9978773585,90.699638205415,91.846255578866,.,81.235242541271,86.279297305879,94.78434119261,83.653217590333
1998-04-01,89.166763906002,81.945687157132,93.159154706161,90.66910341248399,92.090045975634,.,81.763095206031,86.95035483191099,94.77234414278401,84.398788125818
1998-05-01,89.74788080646799,82.793380542277,93.600941648572,90.992325990752,92.41828747608801,.,82.416527908832,87.58516342938499,94.54267656246799,85.395777771257
1998-06-01,90.16364849437201,83.683588473653,94.00940794226999,91.562942134237,93.083258174607,.,83.079237247022,88.05693387232799,94.22762255477,86.445418328773
1998-07-01,90.44584036893299,84.49043812976599,94.29599734328,91.807478316822,93.323002737922,.,83.741020690353,88.473730246151,94.29861832651301,87.85152230592199
1998-08-01,90.764427957717,85.277797526825,94.61838808483601,92.152674752754,93.551877802419,.,84.549210224848,89.01199282000601,94.410983218399,88.934779349997
1998-09-01,91.089414217154,86.202293203727,94.896472248503,92.274398579005,93.74945697107,.,85.254287254338,89.44571738141799,94.787926328241,90.084249970964
1998-10-01,91.864310115192,86.57525048510999,95.403697254237,92.51627842296999,94.052942790348,.,86.051643880481,89.977194305483,94.880911686148,90.774099890099
1998-11-01,92.50395191881701,86.88352194125,95.626308854261,92.10874383585899,94.547001975989,.,86.801622526302,90.628735577716,95.292156743279,91.293912399582
1998-12-01,93.079487644966,87.787844678431,96.03381493447901,92.65798419796499,94.909640829964,.,87.42965620790599,91.50457591580499,95.63437538354,91.781234833643
1999-01-01,93.590570839998,89.242139523174,96.35919402885,92.942036595338,95.44428854991199,.,88.492629368978,92.433566857843,96.249927189272,92.140086283797
1999-02-01,94.074089871117,90.560607200603,96.674845845469,93.521966602829,95.79328236829201,.,89.458741219492,93.058416532304,96.788136240437,92.718118530184
1999-03-01,94.768265248172,91.28855835396901,97.36625024745899,93.624581459016,96.434567667523,.,90.857432932042,93.48466999076099,96.696656937906,93.384054976003
1999-04-01,95.136280623964,92.153382319128,98.078964846532,94.654396512901,96.87589181618401,.,91.68818531243,93.628538658278,96.860342206441,94.384071838064
1999-05-01,95.78824182231199,92.99917451010401,98.449114761265,95.432819639724,97.195939085963,.,92.548577758731,94.215848231443,97.337503448273,95.23315465787901
1999-06-01,96.2630710777,93.800590320581,98.793449012222,96.317719322517,97.27755855559099,.,93.39491983524799,94.887174091045,97.953342848041,96.02552763174
1999-07-01,96.91423637835301,95.07794672275499,99.003400493022,96.62968234668399,97.42246154981702,.,94.377963067799,95.86136921664699,98.22249197203199,96.648671025415
1999-08-01,97.32680751384899,96.08005056112499,99.23716323141,97.175055062027,97.91892838209299,.,95.555348575472,96.58897304646901,98.180552862089,97.174846894035
1999-09-01,97.78782320231501,97.204710365298,99.51973814401899,97.750316049429,98.30151535914,.,96.95895759033002,97.410244026552,98.575662383533,97.679209554128
1999-10-01,98.49603679669399,98.212420567576,99.462266758092,98.660909377589,98.894596636164,.,98.03769116136401,98.005089315802,98.98939040872801,98.328701154773
1999-11-01,99.085128569508,99.270912936101,99.551560323295,99.40511266473499,99.60756804994101,.,98.848466727528,98.66793807438299,99.54297914079599,99.23870340544599
1999-12-01,99.926249918368,100.358313071808,100.19934399398001,100.1432562074,100.050911755326,.,99.66617857455299,99.477957148312,99.852351672374,100.329648553949
2000-01-01,100.378206575765,100.91981650482501,100.66513344824301,100.56483944475201,100.53137663796998,100.713355831124,100.66301408510401,100.14562493199101,100.401379141147,101.03120942740101
2000-02-01,101.289722071065,101.894221059541,101.1032566225,101.411386005238,100.50903197496599,103.03731502774099,101.65254727743401,100.876063760849,100.904481931657,102.043406408321
2000-03-01,101.675541843288,102.651010587658,101.135670693722,102.427759788594,101.166613915105,102.709026688395,102.735591192508,101.374340516815,101.43748302384701,103.22469936821999
2000-04-01,102.703145276462,104.347652009331,102.27121699814501,103.41119207208901,101.738233651665,103.276754222442,103.543432356893,101.76430335196301,101.595700539671,104.159398946222
2000-05-01,103.267302466194,106.00954178023399,102.243820241822,104.391107824524,102.158956274595,103.71539227087099,105.302250281249,102.578367615849,102.046929424335,104.92469770121201
2000-06-01,104.13688556722401,107.93027204783701,102.693928730112,105.509361023029,102.041036846161,103.615357064123,106.90806821156,103.275347585221,102.278476694905,105.693406817732
2000-07-01,104.31681500374201,108.92452824190201,102.250464327453,106.031141171381,101.92993750949199,104.04821433998,108.299132490081,103.99188002342599,102.673478684545,106.32468702452
2000-08-01,104.70067098893298,110.129176124704,102.524729490469,106.42251751471201,102.19328917568701,104.357798665227,109.29962358260401,104.226072844594,103.22200111851299,106.966632472043
2000-09-01,104.778692673568,111.370849465804,102.516441430947,106.710102271421,102.51897885154499,105.076230124286,110.551433903819,104.652181291574,103.89368042037901,107.88678724636401
2000-10-01,105.422361333951,112.96942314596501,102.85673497544902,106.97782920684,103.202904028567,105.511330791927,111.72795275537099,105.06157127179199,104.67543699752399,108.80865725059
2000-11-01,106.037877466845,114.770250974177,103.17505946573,107.472285895948,103.557028433774,106.28345964312,113.098569528025,106.09464941606701,105.03595546876998,109.98391933270399
2000-12-01,106.575619145392,116.95049456263901,103.004860953355,108.149483106903,104.220121725474,106.56594877880501,114.540561712917,106.679430400733,105.51923162871901,110.716005700985
2001-01-01,107.072558925942,118.83763387206899,103.53710115793501,108.92284730122299,104.537838424518,107.237404851322,115.50553159620002,107.32720792647899,105.770106079751,112.031476594084
2001-02-01,107.431199169613,120.40670417941601,103.87156465505801,109.520926915841,104.85151093671301,108.376346931634,116.880377433081,107.50492309366899,106.171489157145,112.902899140397
2001-03-01,107.81806840927901,121.556143918908,104.002509646063,110.357389193269,104.967130320319,109.08330516216,117.23878811753599,108.04108106382401,106.985616427162,114.17849687867701
2001-04-01,108.354885446442,122.739599751768,103.868714363354,111.288585419928,104.78175416334899,109.900305332638,118.52007732501998,108.39036963567301,107.947674381151,114.63679583767201
2001-05-01,108.647883716565,123.177644399592,104.220203460211,112.087050533178,105.25180971646,110.05757944674299,119.253031128152,108.849526618759,108.742713114284,115.25738870961901
2001-06-01,109.30600941272101,124.43970593440001,104.32331814930299,113.21637200222601,105.67796769713301,110.48093147029199,119.974090826225,109.14206680763,109.50672398216,115.73461080382098
2001-07-01,109.670454224377,125.601492492236,104.835381234282,114.210723517514,106.475422731523,110.42153717163201,120.390209752853,109.661037804144,110.304526711265,116.37563198870899
2001-08-01,110.191502625257,126.943102901455,104.625698201828,115.251165046755,106.981451933078,110.634010599492,120.96367187208,110.412811842975,110.97285262649599,117.35851938722601
2001-09-01,110.669103964133,128.14611632902,104.73090364099001,116.09537122745701,107.273437333975,110.522944101777,121.505659405292,110.852825896211,111.700745653286,118.340090386896
2001-10-01,111.05437630620001,129.133307045664,104.525855554513,116.52059667770399,107.005525314767,111.20417889822201,121.69787896222999,111.10296389237,112.080117801321,119.315663014443
2001-11-01,111.17622317295499,130.181568581805,104.501182001913,116.804167105559,106.766990677955,111.446054266828,121.641963435488,110.93149159073299,112.969087279277,120.303206225508
2001-12-01,111.29758305495001,130.509505430809,104.609926947546,117.089704630222,106.368935118244,111.993824757428,121.624767194974,111.250946703034,113.51689999587,121.289621420099
2002-01-01,111.669464990087,131.352992642235,104.784846338418,117.50514978483801,106.87688454411699,112.541888194046,122.096946888348,111.468550638624,114.451548211155,122.706506063718
2002-02-01,112.27862244416,131.773561070185,105.263124947934,118.121387451187,107.424832626453,112.74919866842,122.393264976325,112.15283792062901,115.00397138822399,123.989519913297
2002-03-01,112.69657389110701,132.96789377272802,105.606711106933,118.72181118993299,107.973850437024,113.234245962233,123.105988856753,112.33533740480101,115.404569048525,125.456073497947
2002-04-01,112.77556917126999,134.527811299353,106.15414450477199,119.634846987534,108.35725478698299,113.369580976297,123.33212799246,112.32043399283701,115.398712035574,126.85190152150601
2002-05-01,112.940449770758,136.681796185693,106.13937206024,120.339117822512,108.590301927886,113.464970473035,124.008641572405,112.818003591442,115.8738384449,128.691984658091
2002-06-01,113.25315526896699,138.771836705598,106.208135899986,121.05323881492201,109.149142700264,113.190298098791,124.254679916471,113.37689182016199,116.33821590305901,130.772304006313
2002-07-01,113.667499703935,140.54156921611602,106.15260741527399,121.859730883593,109.457089830964,113.179392588179,124.676046333512,114.032652769163,116.82683695052499,132.8587155545
2002-08-01,114.022845334081,142.307950723029,106.73270298951599,122.634899038742,109.488069962283,113.562629647803,124.61101466115299,114.545459569142,117.27266948799601,135.085219535517
2002-09-01,114.169981306024,144.203169405311,107.055965171896,123.48355659707799,109.41307625949301,113.74062446192801,124.666949295952,114.79711747000299,117.804495107479,137.23673584910298
2002-10-01,114.60005761488001,145.848417003793,107.310207602802,124.350920870956,109.582430236483,113.86469094118,125.00025992951299,114.87789112561899,119.161661772481,139.723111522871
2002-11-01,114.927040765504,147.409309339067,107.34090972232,125.316702972705,109.766234257829,113.855560618762,125.555002722076,115.52709804282401,120.601086228799,141.824382257513
2002-12-01,115.25941651481001,147.858313063188,107.715793810541,126.36620915315001,110.226616916553,114.19276326625601,125.712032589266,115.606838477083,122.00577901876301,143.982059727436
2003-01-01,115.654662261603,148.524537192724,108.37747553590799,127.22237664297701,110.89230122193001,114.714039323916,125.619507395071,115.704200748782,122.913806423476,145.75239660482902
2003-02-01,115.95719011256,149.697827508163,108.754205210706,128.211178403567,111.701107336369,114.823502935025,125.59866030338101,115.34375029160101,123.748584842159,147.308751631432
2003-03-01,116.683116347873,150.972870621007,108.43354431230401,129.485520405946,112.046563215711,113.95603065263501,126.111029588749,116.17070209970899,124.33111362482,148.881737141201
2003-04-01,116.601465621443,151.641815152721,107.984573121353,129.782834432312,112.59568162353999,113.58067339527,125.915754471733,117.11937413993601,125.287857967626,150.485562924537
2003-05-01,116.85559807443701,151.87900048387,107.713792378246,130.528971621274,112.977211137061,113.62698766428001,125.777565268892,118.107715173338,125.97029743856301,152.288286187441
2003-06-01,116.821561068729,152.37873656337499,108.03615796930299,131.022710552545,113.359426374371,114.15459162917601,125.080527004357,117.83907507424999,126.94352413142201,154.062878075259
2003-07-01,117.036785621513,152.892004626002,108.15014966635201,131.698925564923,113.793352520299,114.34582069084401,125.16451184969401,117.794580316295,128.357018264631,157.016135251101
2003-08-01,117.321486277522,153.564711921852,108.668111470926,132.194719959861,114.41476412136801,114.363469309934,125.59747204285601,117.831859716644,130.435388007451,160.10467118328899
2003-09-01,117.723573638006,154.607117750055,108.602842568344,133.285786599279,115.093813660937,114.390466450562,125.829173150001,118.129138727825,132.699634342547,163.588269514111
2003-10-01,118.028712227837,155.901946636135,109.96112694881799,134.44699729183202,115.731234009767,114.50542522408199,126.298091940355,118.79795244798201,135.703799193491,167.056472805739
2003-11-01,118.445064199223,157.68266366567101,110.613547433851,135.652485833304,116.15730760376002,114.626876077829,126.796200137653,119.11395358365601,138.797382124227,170.757056152572
2003-12-01,118.693852765825,159.30339073040702,111.19915673062,137.040889795865,116.366844624137,114.42526521601299,127.26409936713699,119.44095665972401,143.07710997921998,174.784580130781
2004-01-01,119.296714902571,160.572580630464,110.49453972189801,138.025289847339,116.462683743441,114.933868489263,128.08293442514298,119.772725095487,147.23868631628798,178.773738914876
2004-02-01,119.574277152879,161.98724109536698,110.710603153771,138.76242698205,116.852745731204,115.365294641304,128.640444733366,120.00502323431499,151.63281731624,182.914934840354
2004-03-01,120.151488472457,163.253428134885,111.282766684501,139.610644896747,117.09654748183901,114.489922098304,129.250024957322,120.950257244636,159.835020859151,188.786664681363
2004-04-01,120.86572603105301,165.531655102382,112.088064660105,140.171053966863,118.014029104595,114.712435096126,129.29029703196002,121.378220951667,167.50991325619302,194.500279462384
2004-05-01,120.94063598560899,166.174622908565,112.51888001476999,141.472968569468,117.881120614099,115.153362671742,129.31197888607,122.167379495373,175.425934912638,199.737754624571
2004-06-01,120.894846313363,167.51677597062098,112.619991890877,142.31526253527,117.92035984210399,115.499865667546,129.843555430579,121.80429222429301,185.00120120269798,205.278651171446
2004-07-01,121.290295099275,168.14120532876498,112.741840569525,143.231923023865,117.916614381783,115.774040782411,129.96980388517701,121.600411482059,193.59729264100497,209.29722567062697
2004-08-01,121.724772345805,169.28912577103,112.520132777567,143.847490173657,118.074969182819,115.90867071032301,130.352175599485,121.604465783762,199.39691603884103,211.14914538924998
2004-09-01,122.24280533969,170.158878094418,112.593814085895,145.18196385925,118.532772569824,115.940231388129,130.5140578953,121.799781940112,203.01966925996499,212.717833888121
2004-10-01,122.724438747646,172.048438159805,113.047884248936,146.166401025227,118.633134403727,116.22808939378099,131.270898344631,122.111493787138,205.266161025766,213.86878039808
2004-11-01,123.233018894529,173.052117309179,113.826073446289,147.2503153609,119.31841987292299,116.465998030255,131.87109065962602,122.43797960190399,206.856840222883,216.022402756888
2004-12-01,123.948580553711,174.31836076548802,114.76554537665501,148.585281879218,119.75332409750798,117.035363577277,132.755059543352,122.70170029632,208.185224394491,218.129187149917
2005-01-01,124.636497919609,175.759090251771,115.129906793799,150.041222712008,121.13468508445101,117.557845976477,133.395204228746,123.26483522133199,209.155945674066,221.471267983842
2005-02-01,125.44429272617901,177.935396568441,115.64242275027901,151.823067116847,121.90161424838999,118.268522993842,134.37031564812798,123.95672508713899,211.67971702780602,225.20735127590598
2005-03-01,126.190518645588,179.460397422968,115.445331428304,153.995417450539,121.62964118982799,118.937148543101,134.656693762607,124.76310988383499,213.66332360658402,229.74693152690202
2005-04-01,127.006783235044,180.493649321255,115.46552442036501,154.603924770259,121.877580715352,119.033413356306,135.089985083309,125.53867807494,216.19347172211997,233.443591505206
2005-05-01,127.291285741968,180.71038047838903,116.020553389226,155.274920274943,121.90761186843399,119.279055115439,135.12890168596002,126.499992323509,217.98560040669497,237.105461082724
2005-06-01,127.81546654508699,180.083261356753,116.98980498233999,156.073027681745,121.61188752059499,118.99655336376001,134.938412587329,125.86197752603901,219.437030068973,240.58333562641602
2005-07-01,127.764287587278,180.011948991452,117.698948215465,156.61734996479402,121.44920013431002,119.37469382887501,134.969759418291,125.26399624310899,220.459789732254,244.262560104668
2005-08-01,127.92555327084999,179.700937522769,118.5133865359,156.555188721818,121.42771333963199,119.55521787316299,135.23744343276502,124.676464119374,222.023115858788,248.283816171995
2005-09-01,127.945642843508,180.14769670536998,118.590646693032,157.966454810488,121.655613722564,120.336775406683,135.908830889165,124.65458589313101,223.773377696802,252.84111813000303
2005-10-01,128.847003947475,180.01311636137402,119.928435569816,159.153793983381,121.990825540184,120.93490034972099,136.609635384893,125.121342920984,225.57669534792998,257.743350839971
2005-11-01,129.745780844729,180.811729690551,120.368855700735,161.324993536471,122.49192146363501,122.10764736983,137.221173720329,125.68495957998002,227.909147740895,261.663625971549
2005-12-01,130.705008509057,180.43730670192002,121.56964658598999,162.646533049038,122.84027045590099,122.833766405233,137.919428457625,126.34379990312999,229.888399580578,265.419191814053
2006-01-01,131.708856335073,180.625981344082,121.027245677559,164.447911410117,123.35955548861601,123.443029870611,138.80412591611602,126.872706267926,232.27262537976898,268.20860939333903
2006-02-01,132.337065247914,179.543120225209,122.136544676583,165.921467007957,123.311336211493,123.48200426211399,139.290420298188,127.300638979953,234.400902001315,271.233814272211
2006-03-01,132.651976526196,180.04996246342603,122.79744015205401,168.016158008977,122.97728986943399,123.46513518135599,139.342732365763,127.86968064265899,235.229824680221,272.084408369722
2006-04-01,132.949933931287,179.344343926781,124.124307787452,167.616650089627,122.341913560196,123.21517838871,138.812266800146,126.023156950865,235.755507854043,273.089365117933
2006-05-01,133.024871714494,178.32583624634103,124.583844521504,167.717114575486,121.862577911603,123.09019659670099,138.73546793908997,125.318530037935,235.38848449176498,272.930667909205
2006-06-01,133.09852970216002,176.495039884048,125.295467072204,167.155218815264,121.943821010262,123.234965167524,138.44803269796998,123.757632025914,233.677263968741,272.21813679607897
2006-07-01,133.143380520366,175.60156253508998,126.33219911741699,166.556527969351,121.863289524672,123.557556657562,138.338253361143,122.626998297796,233.060378417421,271.49396753553
2006-08-01,133.077895118236,174.917486559055,127.042726835958,166.019746251113,121.221980389464,123.72018337227699,137.809391822923,121.59047758929701,232.399361949173,270.587581627295
2006-09-01,133.042596839459,173.847757883829,127.79700567405001,166.45212690077298,120.50126377574499,123.654380843589,137.63381894381502,120.62634647719999,231.870884198049,270.434971346758
2006-10-01,133.703786658696,173.73163046416698,128.064877401675,166.481773041727,120.15992447375,123.70127987199899,137.367888848992,120.34635950917801,231.300608074945,270.998423202159
2006-11-01,134.077815982424,171.91085107915,129.114514894583,166.513260890966,119.95032392458401,123.822269371063,137.31408080083298,119.8420122043,231.423264953429,271.902683983045
2006-12-01,134.647134780761,171.287394033535,129.828135006746,166.959000283856,119.745533842383,124.50555174483601,137.64891110185,118.65439430586201,231.76877656695302,270.321881822635
2007-01-01,134.983958531863,170.576636707103,130.778761185766,168.265475336234,120.08812373253201,124.503907743459,137.596899755145,118.163902158279,231.940076015704,270.80457741489
2007-02-01,135.605880773489,171.280331391743,131.30742565819202,169.482607012149,120.326530238267,125.21970345048099,137.40731248079598,117.881755719809,231.79969985016498,270.136815071068
2007-03-01,135.862807683023,171.851498570625,132.069236087202,171.278048345332,120.443729321334,125.442378846501,136.981312976874,118.591048804988,231.233357611301,268.74755008271
2007-04-01,136.122997808036,171.65278724726699,132.871209977605,168.767682567068,119.242069508757,125.664092445255,136.55778885978398,116.675152200651,228.68848562727996,266.429317421426
2007-05-01,135.406204050985,170.934290457412,133.216772897092,167.370481079563,118.46564240896099,125.24126590448601,136.783930351423,113.97474023680599,226.01300894445203,264.244583065607
2007-06-01,134.892023243751,169.706784778844,133.649666125348,165.97397517458901,117.14332458830799,124.93561058143699,136.823199968274,111.474718402718,222.13599850153,261.322837871709
2007-07-01,134.091731391944,169.228779551937,133.6784732094,164.649853422385,116.749997011936,124.14374629372499,136.956929740023,111.070771967514,219.112102020526,258.488890950041
2007-08-01,133.562784076547,167.986483614443,133.86461307765498,162.940269861263,115.78651600937599,123.996526430742,136.834515350059,109.742704885788,214.88284983511502,254.848363880969
2007-09-01,133.04571770629698,168.040397559142,133.680464402521,161.40019143664802,115.459160649872,123.72939863933,136.215745481647,108.511838921747,211.05327753794398,251.299420626195
2007-10-01,132.67042772443997,167.412418763706,133.49505818694098,160.303233366712,114.619038316973,123.50073133392999,134.750014106812,106.554976247603,206.318483839973,247.00676064717098
2007-11-01,131.36278607215098,166.95731149589898,132.90843348845502,159.62693840061598,112.89779018570499,122.410999921036,133.016704074995,104.165921801348,200.74024002369498,239.234641866284
2007-12-01,130.44213135726102,165.528086667516,133.0079189908,159.351481849821,112.300099673608,121.787798409881,131.60740895066098,102.454209403741,195.97288797439097,233.11406750051398
2008-01-01,129.699203065859,164.752558973089,133.241935684433,157.528627209009,110.087565739968,120.57823573754601,130.93720409878,100.37848848202101,186.867554701739,226.111605863111
2008-02-01,128.705728389944,163.528447094233,133.483472889597,155.969418113178,109.648977259673,120.37643402283899,130.257913443099,98.644815199818,178.606044066946,217.77187125327202
2008-03-01,127.49599589709601,162.222683902769,133.22264042916402,155.244203260609,109.440159181486,121.466358343897,130.351413458971,97.92413065274201,171.193964548123,210.58138569817
2008-04-01,125.601901520983,160.95969030914,132.772068474566,153.931746075843,111.272304619312,121.47553102529899,130.190631185477,96.26818073943001,167.256651926702,205.10065134482102
2008-05-01,124.627306009698,160.57683103204,132.890020562803,152.007969442681,108.971021502729,121.299409531196,130.123142766912,94.587527866951,162.13428002841002,199.43308441624401
2008-06-01,123.079133846549,160.547098594624,131.928830060844,149.95963397115,108.295872949626,120.739952111809,130.185374018769,93.363442139702,159.191256016003,195.133590870564
2008-07-01,121.93946907680201,159.67346542266898,131.167875386959,147.545624116316,107.217626071804,120.81451716775899,130.233262189106,92.301171614632,154.27126420981898,190.676209507816
2008-08-01,121.095584981954,159.491561325096,129.970235590768,145.939010842147,107.717161550599,120.54088797733999,129.611567187302,90.41552837384701,149.692843393835,186.649165399837
2008-09-01,120.12055943200599,158.220306877477,128.908931240294,144.213205891715,107.99591303397,120.332367484998,128.750427750195,87.78410755172101,145.340586005938,181.84554782013
2008-10-01,118.68290897541901,157.435948098818,127.531728155857,142.34792583653498,107.553483567976,119.680533049973,127.693724327207,84.558385071052,141.12205319605,178.067355361049
2008-11-01,116.698939804969,154.841915812449,125.876270120013,139.52615856001802,107.096917496832,118.361506914409,127.327442755902,82.516349583371,137.125957658959,174.951958789817
2008-12-01,113.978163351943,153.99748478506902,123.517830485737,136.71150305908702,105.576092603989,116.575945938915,126.48684321055401,80.245165020814,131.222310168888,171.444006699203
2009-01-01,111.453146329072,152.675643827945,122.566575613328,132.18326210738002,104.67071932562901,114.77073570025298,124.45535033645099,77.69056418475199,126.055072837392,167.831026377675
2009-02-01,109.401263544315,151.905553090057,121.244540321617,129.403827850422,100.596486312474,114.89859827401001,123.12723537797899,75.44497180213,121.968378268313,165.545768810169
2009-03-01,108.070015265625,149.672095851144,120.94188060051201,127.336125981592,99.896925521351,114.793535603352,123.314722829535,73.138327049172,117.80906753111799,163.740654424321
2009-04-01,107.308745308232,148.799195520478,119.56607001326799,125.86396454827299,99.661498754923,115.33123496289,123.738764236711,72.202230231789,113.463943463717,161.546024484475
2009-05-01,106.132823521065,149.163841617781,119.49024114552401,125.79851384843599,102.133804293459,116.114236037525,124.023297848658,71.66882250921199,110.229824183501,159.837222751218
2009-06-01,105.853896537021,150.841624811774,119.075060210949,124.51949337801399,104.753443343522,117.81734830809499,125.27513580664,69.90487637124001,107.570505614916,160.311376473272
2009-07-01,107.09693257602501,151.368320571833,119.281623015088,125.92307131856,105.527461230664,118.68439416166201,126.28838853795601,69.309696883639,105.89099124557801,162.211400180168
2009-08-01,107.918986698767,152.391970465789,118.70576739511299,126.63985230028999,104.380646333897,118.92117286473801,127.02807104142401,69.667612638818,104.955695065746,164.258544683412
2009-09-01,108.743007664102,152.802345300845,118.433250406597,128.16516290516302,103.921422475331,118.892925713712,127.28274926696899,70.600612940598,103.817414376732,165.529171870025
2009-10-01,109.16602786132499,153.144791093571,118.59235501992701,127.569476175242,103.89222453071501,119.093025808971,127.592688037736,71.404642933949,103.567104628185,166.888793141896
2009-11-01,109.79309279701201,154.078955725502,118.971569782341,127.763883202931,104.529499842836,120.210295107767,127.994001470462,71.607460073855,103.558660116084,168.92014688591001
2009-12-01,109.83723704669701,154.833973513841,118.965021332693,127.121659120336,104.373932513973,120.14028543356501,128.069908531597,72.077692851674,104.22378428891399,171.585701660822
2010-01-01,109.27038357767,154.976641570906,118.804633206265,126.839633070175,105.231677855338,119.617792191432,127.89451269986999,72.140652038623,104.072085714056,174.44120881453603
2010-02-01,108.723188346921,154.728408124017,118.209753870085,126.22318599785801,104.609844886208,118.009552438514,127.728751698159,71.563544613647,104.11394587114701,174.46712934013598
2010-03-01,107.021878780522,155.617191767474,116.20738174383001,125.023576035629,106.70786494574699,118.31562068635799,128.344097946544,70.158979892665,103.68673105115101,173.671337670509
2010-04-01,107.613192642833,156.052192565775,116.83730637904699,124.274055662991,106.42836483268,119.212160439275,129.03178983310698,70.286924538497,103.772240486182,174.03835975156102
2010-05-01,107.826518719257,156.41083967633998,116.033763575845,124.04127970166799,105.766596298165,119.407722841072,128.300690592803,69.967462208208,102.97845241879801,175.156157913067
2010-06-01,107.50432788604999,155.726460522243,115.75812249841199,124.01924312031299,105.394511985493,119.001643927812,127.38299453766199,70.281781535292,101.947285764352,174.796342844188
2010-07-01,106.64877064673901,155.266152340279,115.13726829141301,123.13948143060101,104.739331274874,118.09457734338801,126.18541188821501,70.01132210281399,100.706146566615,174.230675351481
2010-08-01,105.39089048615101,154.506072113138,114.62390171259199,122.244437048435,103.88568594040301,116.835213815303,125.644971221036,69.35611521373801,100.189464594475,172.96634669270802
2010-09-01,103.95115898305201,153.38697863733802,114.07432484283899,120.571293849982,102.02798417861,115.80243349785,125.30622128551902,68.298628029351,100.269489703766,172.78902558686002
2010-10-01,102.54259162507799,152.998659524185,113.665841542099,119.22409085630501,101.228577804584,115.481427195568,125.39863859699601,67.730143689966,99.976243265427,172.59549343388198
2010-11-01,101.517141796348,153.063431903624,113.849176178647,118.389131953251,99.917667234074,115.252006846072,124.81312607142999,67.382906810203,100.05686103441099,172.689537135308
2010-12-01,101.399047364432,153.701542095038,113.58218078874201,118.112174492292,100.850670382749,115.97959753025499,125.074581406446,67.798591887339,99.40045825205,171.435608607612
2011-01-01,102.53357165676901,154.20284797608602,112.942982533136,117.78840167180599,101.06502354690599,116.279912328761,124.99064261595699,68.064891030143,99.47657585635599,171.51041260851102
2011-02-01,103.810141906407,153.23528081833402,112.209634064573,117.154483849944,101.516032762394,116.44665913371,124.377945031572,68.68283419881,99.038214889923,170.950417757525
2011-03-01,103.62454508176799,151.378277442878,110.221229057818,115.67698623959801,100.126456997003,115.021634463638,123.27748074060499,67.755666425781,98.210042473425,170.69278030508698
2011-04-01,103.564782365285,149.251630201476,110.948377732425,113.67168259508499,99.51509388782699,114.15257740866001,123.57792347999201,66.8682003435,97.304294231168,170.130514497132
2011-05-01,102.545555108484,151.17932493306802,111.43656716631399,113.80966833912599,98.928720022849,113.682657459766,123.77923226500401,67.178298833873,96.061452530758,169.203262339331
2011-06-01,101.947528357807,152.328043772039,112.100331348348,114.3694906035,98.768052333836,113.960920336021,124.155476297435,69.458029868244,95.690847422983,168.559892707389
2011-07-01,101.204741153141,152.159762440657,111.767782334295,114.48101192168801,99.19975830718701,114.385690352459,123.559753612864,71.256530291286,95.182023686094,167.96240740420902
2011-08-01,98.65689841698799,151.786829169752,111.604386234662,114.857019021889,99.09986514546999,114.771610443963,123.815371598399,71.295411037062,94.342996476035,166.922148834189
2011-09-01,93.88192109840901,151.607852112907,111.629130187383,114.36206758241998,99.043004470613,114.912940748159,123.739248756374,71.810012117028,92.973783850091,165.730055238837
2011-10-01,90.68369371318501,151.60865011406202,111.274941954201,113.659115364243,98.936438285029,114.953530251005,124.379779540098,71.202891963572,91.57016444029199,164.28397383606
2011-11-01,89.69634577547899,150.81019476439698,110.644624063379,111.74038400197901,98.91303495555799,114.48556693216999,124.729792876764,71.136868589509,91.044748518991,163.614969768648
2011-12-01,88.58853885125099,149.827365616263,110.22436033367201,110.809252491258,98.499031273064,114.476794024926,124.67971544408998,70.400761707191,90.74977787973101,162.80600441261
2012-01-01,87.32076325668899,149.913230966189,109.96659712295299,110.182015086609,97.319981988229,114.73927438153,125.11268394592899,70.92144013832599,90.52152618076201,162.45957981969102
2012-02-01,85.865330255028,149.585969360998,110.51838223152299,109.10727180982599,96.966800073941,115.202253551426,124.829714162242,71.202637656709,90.691357129602,162.118642731567
2012-03-01,85.154112806459,149.623846909847,111.284559033213,107.305501289011,97.46086123186,116.519723891716,126.10718120100401,70.802368465321,90.77338345855499,162.312559531521
2012-04-01,85.716301354521,148.99356989295,112.059894483936,107.04150769901699,98.288256394755,117.10620493300101,126.829029243878,70.20031440426999,91.565549149875,163.681888117334
2012-05-01,87.50512765689899,150.668602189508,112.3980839801,109.979589377677,99.425433427815,117.92065633535101,128.10088648902598,72.535729889304,92.85550506243999,165.541563361935
2012-06-01,89.60799670864401,152.274856249184,113.038213385396,112.021912682435,100.00258996394001,118.232283970282,129.20253244877,74.80605120741201,93.81088693256001,167.255345474173
2012-07-01,91.245129467141,153.646796276806,113.78792093111099,113.104503547743,99.96292749262301,118.768547935379,130.36926170846502,76.09464638165,94.11830567382299,168.66220042438
2012-08-01,92.793646163948,154.64357470557698,114.911151376201,112.95752839921002,100.510881701579,119.17085727034299,130.95501271208,77.05743058206801,95.116305521199,170.646698273684
2012-09-01,94.157878009585,154.630265968943,114.761478846513,112.80695706088001,100.53436688013201,120.11709841936,132.280323732826,77.76104770331,96.54590324898199,172.714366296008
2012-10-01,95.17276208517401,154.222775846937,115.02032516532302,112.54796469438699,100.982976263395,120.372815015951,133.152904578265,79.14476010765199,99.42490471944299,174.786721605792
2012-11-01,96.54306799879801,154.280391597764,115.450912480051,113.095620645835,100.911116922597,121.18644206216999,134.614386322185,80.147699144756,100.308516202278,176.54058268757197
2012-12-01,97.371221563835,155.270479703278,116.27747525797199,113.644256093055,101.523900611915,121.845520863905,135.392539054974,81.322705911473,102.616518687457,179.572384826155
2013-01-01,99.011787672999,155.99012525193,117.142673160597,114.14371817540199,101.73726865769599,122.64982034348499,136.458743600552,82.235280867483,104.465925349856,182.19537576375998
2013-02-01,99.87506929695299,157.305510121368,117.741175740772,114.760225736657,102.17794607619801,123.18055847302,136.980666466799,82.45335763987799,106.564154658379,184.90163479903703
2013-03-01,101.01594538549101,159.099244280848,119.481912907779,115.094209467987,102.66663878717199,124.12903357183399,138.022686681367,84.157369114602,109.410319688496,188.94999978586299
2013-04-01,103.190022467305,160.659698877636,120.49838596463002,116.60097329197599,103.253990724402,125.523694678148,139.037424557051,85.04304574790599,111.86721703265499,193.86143462233102
2013-05-01,104.93051586433701,161.653470319712,121.156345388086,118.819100257772,103.34152777482001,126.816541628442,140.36090366300698,87.066170196551,114.26568080260401,196.94515939625
2013-06-01,106.765988875231,162.546396596578,121.792896157572,119.85750975581499,103.876562201805,127.938861755177,141.427976554107,87.780727165544,116.91063039737699,200.328040025722
2013-07-01,108.45748233494601,163.573475042251,122.20415978398998,121.94525749106,104.10381989556299,129.103642618661,143.150204988687,88.878642568039,119.805251577514,203.83384706016898
2013-08-01,110.29818957751301,164.818981678517,123.531219750941,123.081361910748,104.31810720230601,130.22622192752,144.53771314334,89.94289500145,122.878026923397,207.92163225729198
2013-09-01,112.059557290884,166.520418224065,123.79057340177,124.25352925640699,105.214838108514,131.212188738489,145.69100982511802,91.507804953128,124.686354317042,210.769509851338
2013-10-01,113.325683527043,167.68203525373102,124.855464749356,125.37168452411899,105.24688563916901,132.1496036071,146.035529945602,93.067774778024,126.485833594266,213.681091022497
2013-11-01,114.28638793359801,169.472999360405,124.86282199726801,126.01717204041599,105.80219299216299,133.234623873005,146.769740042976,94.222331771431,127.84512423655701,215.070333942026
2013-12-01,114.94004053200399,170.298623068882,125.346278146748,126.75307039652901,105.007768604609,134.25358526005502,147.699297715948,95.02070218206998,128.934468101881,216.158212544477
2014-01-01,115.45059151529101,170.220100471737,125.498186109217,126.58871409095501,105.558542844778,134.81997859565,148.598166634809,95.256359025704,130.617744251123,216.537335282052
2014-02-01,115.59369719056299,170.42150203697798,125.365477844676,126.854384074788,104.998705012508,135.458264943324,149.14084822408898,95.334183217403,131.33390595895202,218.334752414374
2014-03-01,116.412278782475,171.450289778757,125.16004348721901,127.70701658497102,106.35775419737101,136.156014114181,150.144345706668,96.669907933435,132.528159054805,220.12154331703601
2014-04-01,116.80027208102301,174.70498942466202,125.48301383942601,128.38494791285498,106.073848614112,136.96097530657,151.009286476958,96.922416399713,132.76934021224199,220.499048928174
2014-05-01,116.490489706992,174.771725233666,126.440550735717,128.254486326002,105.78914351677601,137.679915204396,151.75681932471,96.90944494648501,133.335500007841,220.823831839144
2014-06-01,116.186045554548,174.015473742795,126.22326413129299,127.85514629136001,104.82962751333599,138.39401576014401,152.4221543168,96.42492509667801,134.421635671276,221.435683686567
2014-07-01,116.180196585845,173.145572579603,126.735110978757,127.33540009218201,105.11678768380699,138.966331300707,152.911849001071,96.22032679073799,134.858067225544,222.014893010192
2014-08-01,116.558592789113,173.47476338509702,126.878558223128,127.309708188872,105.381657940252,140.161742887873,153.942611079643,96.27032140586901,135.290182109557,222.07282258282
2014-09-01,117.393263543412,174.158826018036,127.99370366093599,127.731179987565,105.849405422365,141.19308644895202,155.013351055968,96.281834847553,135.95714702714898,222.780620421046
2014-10-01,118.47434956811001,175.023820438936,128.399188348459,128.081491610677,106.112658556019,142.357878701439,156.689490016595,96.789487412054,136.476249125008,224.502984030601
2014-11-01,119.742039593624,175.97786074850498,128.95779699108,128.35513142269198,106.382615886688,143.41563476683902,157.876859943453,97.007808669595,137.536013681631,226.339357330148
2014-12-01,120.592443608344,176.63174287969602,129.646735825869,128.46085277760798,106.528822734242,144.262841074068,159.809420884741,97.51314008077601,137.862825568413,227.997947543874
2015-01-01,120.941500711051,178.23067098043097,130.583640067731,129.444676053434,106.90030164597799,145.58649855833,160.98430849227802,98.229250307778,138.406363441663,228.19953696532502
2015-02-01,121.61537741430901,178.726789470666,131.936920047434,130.37801598363998,106.80136920753401,146.823971018531,163.624613093379,99.09937729638,138.887943999866,230.424910485379
2015-03-01,122.134242854555,178.716509070456,132.074655753018,130.907396004393,107.18787535037399,148.528101356765,164.581011500216,100.450517032867,139.964901771778,231.65140414930198
2015-04-01,122.126223467924,177.249289281425,132.255619777733,130.54998624929502,107.23194580041799,148.817314062439,166.08828532981002,101.00991624171499,140.884334295444,233.082976725058
2015-05-01,122.426977601993,178.413654769832,132.563489067495,130.165701033836,107.656155137465,149.323985051059,166.808514643745,101.327187011332,141.94529127639998,234.19539162295501
2015-06-01,122.869016625861,179.75466882578,132.816819559799,129.746668686119,107.798172304975,150.000990892205,168.034227101158,101.566320961456,142.371007159367,235.075161056495
2015-07-01,123.46594050426,180.93495024176102,133.129533386235,129.442127859257,108.24218657717199,151.379234124259,168.842659336019,101.43828583359101,143.220699341814,235.57323735984298
2015-08-01,123.75617807160201,181.78710117075298,133.262938564401,128.96771419581302,108.00220251737,153.02105585268998,170.706083622778,101.491195888134,143.494465843449,236.16550793389098
2015-09-01,124.92295481747401,182.43004142384999,133.555898437122,129.59915434591102,107.877039463493,154.238125067759,172.242224786939,101.75741635153,143.827072321475,237.282060877104
2015-10-01,125.72573619656099,183.642791422575,134.28580470433002,130.06508240023,108.111020998713,155.566026464113,173.938407476934,101.993919511961,144.253187011415,238.611051667771
2015-11-01,126.39228703826099,183.87149899408797,135.570391145853,130.949123200766,108.79078658155399,156.726252702437,175.260713585505,103.14569760549101,144.78330216419,240.15324561471002
2015-12-01,126.953290878241,184.428484419705,136.575740955171,131.458447482629,109.35973363593,157.880434967285,176.167902839556,104.147250571621,146.007375069933,241.629639504661
2016-01-01,127.800361643762,184.527670869655,136.71922762826202,131.787855130069,109.943153834561,158.751407450765,177.332696682908,104.89438890627301,146.733914239154,243.408692587389
2016-02-01,128.78919620426,185.128084244842,137.266426776607,132.160378485987,110.207463412494,159.751616851054,179.133632984236,105.219943848107,147.835133646833,245.41232117146
2016-03-01,129.434141722249,186.23684409764,137.467321314666,132.984299777157,109.998671785634,160.879840135146,180.478301284827,106.014139861667,148.319744598699,245.91541931390202
2016-04-01,129.704141789393,187.06471412271702,138.502241422199,133.59305157189,110.15079117263201,161.555001442231,181.474927012468,106.11360090586001,149.231947501954,246.37504965245702
2016-05-01,130.093729200325,188.24031702958197,139.003339672778,134.000427597043,110.41188733187599,162.825761344249,182.54552626793802,106.299541998615,150.009542593573,246.78106925727903
2016-06-01,130.213766162084,188.255930218037,139.623946141266,133.808863877475,110.67991092496,163.603037388143,183.63888562463,106.638284781612,150.5213904702,247.57859672889703
2016-07-01,130.351871939627,188.684944504529,140.187536839485,133.75756299719998,110.845394540338,164.183245369524,184.964609337061,107.329101870903,151.001406479336,248.652418541656
2016-08-01,130.669294203444,189.502923551635,140.890487979725,132.976972521219,111.112317452906,165.677863539287,186.076453952584,107.77634489095502,150.83336282638,250.00182291407998
2016-09-01,131.768988821542,190.445926440894,141.635936794051,133.99548376238002,110.970693901647,166.88002867321,187.57077783244802,108.449858894362,151.928565189681,251.412479846217
2016-10-01,133.047958897462,191.846711605407,142.270094919609,134.144084521818,112.424946904578,168.225817172644,188.564957864304,109.04154276393801,152.36522657096,252.14690774047298
2016-11-01,133.79553837358,193.76843657506802,143.36615211289498,135.476137420458,113.108850886399,169.352185785969,190.710260049436,109.978569958939,153.480022300884,253.34443025373298
2016-12-01,134.54989497956302,195.74632418666098,144.00072998501003,136.942816923885,114.00486321643,170.504019586655,191.912427144812,110.58202137523001,154.439143164969,254.498922207061
2017-01-01,134.937565006246,197.287805384787,144.694674113845,137.930302238138,114.39305466082399,171.571577834843,193.47024813055,111.003625711656,155.977790131744,256.134722613209
2017-02-01,135.586469566986,198.83871176529598,145.360348927423,138.315371649907,115.314549329739,173.54165217562098,194.36866223650398,111.61585875078801,157.02445926118,257.16709135226
2017-03-01,136.251166141273,199.909661969086,146.252825392359,138.513509739488,114.78988012567899,174.46065238713,195.08335709591202,113.423945658848,157.930612125905,258.523838475782
2017-04-01,137.005119774748,199.306821324058,146.55014194670798,138.330410879713,114.731631755338,175.041494262855,195.921648716932,113.95927749594699,159.254183710076,258.88673775817995
2017-05-01,137.192400228853,199.500013488306,147.16469443036002,138.165626444916,114.859608919613,175.47508869585,196.840019597682,114.22378874621201,160.356044136728,260.437081350761
2017-06-01,137.374365941038,200.104616474561,147.865025656393,138.086674389471,114.71230679732099,176.28237328327998,197.637836685566,114.89692870882601,161.434746933829,261.37214284607
2017-07-01,137.653529504834,201.75136382934397,148.537059526148,138.196463414309,115.203216142999,176.326190107895,198.53508586174,115.18860259212099,162.298126437036,263.892987887681
2017-08-01,138.05216004823401,202.832992735558,149.56306954446998,137.749646937091,116.054782104017,177.72688126656502,199.775057008461,115.652355185344,163.78365639933997,265.219060432145
2017-09-01,139.275390595379,204.38091284795,150.332588443416,139.084928863334,116.939142794607,178.99059529562803,201.037898950837,116.043648948638,165.664256293352,267.016494649871
2017-10-01,139.853050562821,205.053862167276,151.43630401076,139.447255173582,117.50694100583799,180.247209304384,202.21573698819,116.92103149478599,167.840424442799,268.53296073412497
2017-11-01,140.717662890487,205.69016373052298,151.613744414787,140.125561454398,117.51348788542299,181.258671941661,204.029718872029,117.589958274019,169.769664068515,271.113913126325
2017-12-01,141.72229185725402,206.414969088564,152.478738280873,140.37732833969602,117.63187408172199,182.268901852413,206.214506050355,118.33767630255699,171.617578597892,273.086822249672
2018-01-01,143.550690246377,207.74463992475398,153.248447734487,141.181352052627,118.356353305611,183.34516491285999,208.13772573851003,119.332883345063,173.07424294773497,275.02235501509
2018-02-01,144.147475312937,210.39345000641103,154.512103808683,141.72507880225,120.143806243087,184.502368176675,210.458564656297,120.786308971117,175.144719105905,277.841587104259
2018-03-01,144.440257682106,210.91777949348202,155.06409417059402,142.132829949257,119.872225133631,184.531902488797,211.577863248569,122.06322987353201,177.34934621292598,279.023173951415
2018-04-01,144.422146494159,212.566144165456,155.326791523902,142.09529112807,120.30157626590099,184.96322890652198,212.577945615127,122.152414938561,179.375241483373,279.998973945965
2018-05-01,144.916691701319,213.146309031732,155.726463535347,142.268111184324,120.627320798912,185.30812029485,213.47957540536098,122.050996917768,180.52753122449403,279.897046519781
2018-06-01,145.21333725903298,213.82915928354697,156.252298632859,142.285443568684,120.52546422853399,185.582454226982,214.038468144536,122.14370951686001,182.413953155126,280.708354269709
2018-07-01,145.713508426427,213.45887790824798,156.826845683178,142.061189473882,121.76795072141,185.256410267037,214.532271741521,122.184936659595,184.481646760023,280.60575057022703
2018-08-01,146.067770674746,213.9117635748,157.391999704339,141.633605660797,122.47738646662201,186.20360450739702,215.199540708905,122.674524580018,186.461305105827,281.501796674297
2018-09-01,147.242922354736,214.641869880392,158.2336131228,143.266440085953,122.848323951387,186.74259731710097,215.838459833185,123.30436928953999,187.940462828701,281.759740938827
2018-10-01,148.21185245066602,215.93358202099998,158.959094272042,144.007381464882,123.01129711613702,187.32370368751302,216.302565909034,123.75682427805401,189.35685679485698,282.992569225545
2018-11-01,149.284988687082,217.01995850087602,159.817271216468,144.428102055385,122.867511689207,188.498573220803,216.785625180625,124.20502583635599,190.201394446893,282.68956794777404
2018-12-01,149.986499582439,217.003414808635,160.34748827938,144.350682783298,122.942291736712,189.459890323368,217.55773878374802,124.52707973996901,191.127097440443,283.138451242716
2019-01-01,150.53773016183,216.98071372879699,160.94048847122,144.25502091257601,122.668712681613,190.32009623109698,218.536107997243,125.130083707709,191.30616002374802,282.497724539713
2019-02-01,150.936564277335,217.022675076807,160.855615495405,144.695467483532,123.54442368371201,190.753265778982,220.23968312707402,125.38883790697399,192.06873636098499,282.524429704756
2019-03-01,151.16385431062798,218.758430289427,161.168594892307,144.545029032964,124.12686110636601,189.980281161502,220.483212548698,125.996214266444,191.963419885118,282.723031863814
2019-04-01,151.578832504464,220.631406266241,161.820169878396,144.733879204438,124.54753395739799,189.97100503782502,220.714372314003,126.33624865823799,192.14934527108002,283.943426301915
2019-05-01,151.713738558707,220.740011412509,162.7107568083,144.499454260163,125.025969764183,190.13363396830502,221.06362232701198,126.836704460278,192.11909505755798,285.314619387032
